US7968164B2,WOS:5207551207623348
US9490441B2,WOS:4197755760275556
US8322003B2,WOS:3483277144789925
US6901636B2,WOS:3819176949954958
WOS:6101082506714693,US9764572B2
WOS:5963553068058068,US6518502B2
US5428069B2,WOS:532773233498432
WOS:4385145618000324,US1886189B2
WOS:7004325502621884,US2722352B2
US5368349B2,WOS:1348686412614498
US9918487B2,WOS:6121009591744442
US8052085B2,WOS:6687674288239108
WOS:5343942970573721,US5282015B2
WOS:6621381401904057,US8697023B2
WOS:248103569421888,US8843265B2
US4615887B2,WOS:8033088558577691
WOS:4184029782712743,US6360789B2
WOS:9977441421880376,US9253796B2
WOS:383303341839433,US3577417B2
US3795931B2,WOS:1340325295353007
US4565721B2,WOS:9315089390339242
WOS:802170639969826,US2541391B2
US2618478B2,WOS:9890650250623858
WOS:5840187841055868,US5195892B2
WOS:6384475187985760,US9180308B2
US9795365B2,WOS:6148031979834141
WOS:3096307933496891,US3694693B2
US2409754B2,WOS:3515709494980967
US5272401B2,WOS:1812881129011774
WOS:8899382382076690,US7512076B2
US7905681B2,WOS:5689947492025794
WOS:3264169463244789,US8522915B2
WOS:1925737329387758,US4666161B2
US4806209B2,WOS:3989214853688983
US9238239B2,WOS:6309926326955404
WOS:5563850461090351,US4003127B2
WOS:5286033375150994,US9178896B2
US8887217B2,WOS:1336296523273837
WOS:2931365076835152,US8307545B2
US6268947B2,WOS:7659581007243353
US2130305B2,WOS:5698568445511639
US1005133B2,WOS:6309926326955404
US4700632B2,WOS:1014895088447703
US1716779B2,WOS:3507484585387007
WOS:6342574150170065,US4117534B2
WOS:6879291229575615,US4165467B2
WOS:4345566404037852,US3213536B2
WOS:4487307998826517,US2302478B2
WOS:8511856899059275,US9511876B2
US2002336B2,WOS:2542683561070568
US4455159B2,WOS:7133221631260665
WOS:2986211762753941,US6681571B2
WOS:5905661049925862,US7655777B2
US1291237B2,WOS:8820593894611779
US3365137B2,WOS:6423567036621206
US5201313B2,WOS:6740848093255138
US9928447B2,WOS:7802524737023595
US2364563B2,WOS:7338883928338413
WOS:6717310078271193,US9283906B2
US4435224B2,WOS:6743135758423670
US1856983B2,WOS:3286260644506865
WOS:6269779912722762,US2467855B2
WOS:411388415243450,US6477892B2
WOS:5033373720515483,US6776362B2
US2704836B2,WOS:1734785567420568
WOS:1775409929726851,US3281178B2
US4485773B2,WOS:6449558110586658
US8457118B2,WOS:2777318072692883
US7057768B2,WOS:3266338846532121
US1451006B2,WOS:231320317782365
US6868972B2,WOS:3319743399654659
US9019066B2,WOS:4591968612891974
US9670933B2,WOS:8456369557384433
WOS:2716656431863151,US3152536B2
US9356586B2,WOS:3009478309676268
US8602269B2,WOS:8531706870724048
US4047422B2,WOS:9493641524292320
US3446996B2,WOS:8892655466099407
US6619252B2,WOS:6733747955248806
WOS:9014299205127226,US2029002B2
US8338725B2,WOS:5886543872866312
WOS:3964210129062986,US6481775B2
US7434379B2,WOS:9406065172192658
US3910637B2,WOS:7558662946072207
US8291164B2,WOS:3053128744692291
WOS:7499536005340109,US1005133B2
WOS:8177999893830212,US4997533B2
WOS:2448236148560713,US5884935B2
WOS:8307917247418690,US7416695B2
US3963059B2,WOS:7548938100594572
US6368913B2,WOS:5432618282412384
US6245275B2,WOS:3954447046424398
US4412031B2,WOS:2636204459262271
WOS:3221313968630541,US6708418B2
WOS:6193810551264155,US6881062B2
WOS:9464631009960688,US8968570B2
WOS:7245297259365027,US4446450B2
WOS:9214118390322726,US1049016B2
WOS:342963560561448,US1305728B2
WOS:4442028017789214,US7370100B2
US4205811B2,WOS:6758212771536765
WOS:5487330072320352,US4565208B2
US8839992B2,WOS:3756574963980978
WOS:9040655687139634,US3176518B2
WOS:2066125772944654,US9284626B2
WOS:7269187264977972,US2871877B2
US4053105B2,WOS:2479711378453004
US4302080B2,WOS:5285133300709961
WOS:4227328395941640,US3498830B2
US9589574B2,WOS:8393973447982194
US3501994B2,WOS:3702004706862070
US8569102B2,WOS:9955586501920756
WOS:7235970163871741,US3360816B2
US6577206B2,WOS:5869521130396079
US1165522B2,WOS:498008556707190
US8990499B2,WOS:2360984918372981
US3762290B2,WOS:6537961136584264
WOS:5186127943109314,US1946414B2
WOS:3016833126280300,US8593569B2
US7537203B2,WOS:2156393476844890
US2513637B2,WOS:7359161658053988
WOS:6466722092603898,US9658719B2
US8934673B2,WOS:1370584379428490
WOS:1180847145407940,US7722712B2
WOS:8963621544376053,US3959688B2
WOS:7624169386405907,US9377098B2
WOS:2249372147486494,US3456315B2
WOS:3004785990014236,US4516253B2
WOS:4375248514538736,US5860575B2
WOS:1412690972840278,US2859256B2
WOS:1664586953704742,US9559353B2
US8489087B2,WOS:2789960700813977
WOS:2833308575896626,US2505530B2
WOS:5376987923538699,US4236654B2
US2727914B2,WOS:5410180910059513
WOS:3784048947273438,US1771118B2
US2491073B2,WOS:1247587932995221
US1662252B2,WOS:9477429711833738
WOS:2285728420242104,US2638331B2
US9076602B2,WOS:8760486798402112
US4345993B2,WOS:1267958324760583
US9970436B2,WOS:3671632511132930
WOS:3185190561034758,US9128888B2
WOS:5649192834370800,US6588804B2
WOS:5722548779779348,US1884662B2
WOS:5875545190678137,US7090437B2
WOS:2366946797452390,US5751380B2
WOS:2290122690196163,US4160059B2
WOS:9682958717613328,US5204607B2
WOS:6193810551264155,US5930447B2
WOS:1967351581600735,US4715961B2
US3049863B2,WOS:6829066287147629
WOS:6458982676009131,US7108001B2
WOS:4430280839573603,US7400785B2
WOS:5023213486026594,US4687372B2
US1294335B2,WOS:3049389991640022
WOS:9721285892067710,US3284420B2
US2675062B2,WOS:143030280285566
US6612357B2,WOS:2137336256937815
WOS:6262039578120888,US4515686B2
WOS:3016833126280300,US6152872B2
US9077716B2,WOS:5242271860931441
WOS:8064759170720294,US8805456B2
WOS:8896390834394695,US3064019B2
US6619252B2,WOS:8183952118886380
US6935965B2,WOS:3757620675321254
WOS:8608515882145975,US3230703B2
WOS:6243599951705426,US5045642B2
US2838604B2,WOS:3501176150995964
US9586968B2,WOS:532054130727851
US2792708B2,WOS:7756005214824611
US9144086B2,WOS:5649192834370800
WOS:3656556727371449,US3076774B2
US1607965B2,WOS:3942544408050029
US7048823B2,WOS:9510280756594116
US1615940B2,WOS:4270453728781873
WOS:3872174280831343,US1907383B2
WOS:5065336174013263,US5990423B2
WOS:677000194535692,US1512726B2
US4616841B2,WOS:3246175705625794
WOS:7381851509049667,US3161015B2
US8971507B2,WOS:3238501267921777
WOS:3214011813193242,US6847575B2
US2727914B2,WOS:2562863436501344
WOS:5432663858384462,US3791777B2
WOS:5208303678339376,US4351871B2
US6210773B2,WOS:4361284357842371
US5635709B2,WOS:4436316874526825
WOS:7227766168146652,US8423223B2
US8052085B2,WOS:1169660160826826
WOS:9666177043829254,US5372294B2
US1013634B2,WOS:5001077047621531
WOS:1242789975421928,US9917149B2
WOS:3301491495240510,US8976486B2
WOS:7609060563742230,US4237528B2
WOS:506057550887440,US6333745B2
US7749069B2,WOS:4350412860193376
WOS:3702004706862070,US2137316B2
WOS:9936480080351596,US2683049B2
WOS:5689840454566940,US3934625B2
US9030390B2,WOS:4980738776917365
WOS:6024523516175864,US6906165B2
WOS:8009285412743725,US7048823B2
WOS:2063255301250906,US1895962B2
US2619149B2,WOS:4772767559563362
WOS:6121009591744442,US6327576B2
WOS:7478619678843493,US7592367B2
WOS:8860509497671669,US4961853B2
US9911402B2,WOS:6480352857930359
US4806209B2,WOS:9082630924899884
WOS:3196395219477009,US1564192B2
US7099496B2,WOS:4871442252620802
US5787496B2,WOS:3158923881796985
WOS:1644276569959517,US5002509B2
WOS:1195014720971875,US7366591B2
US6617112B2,WOS:6640543495362282
US4013371B2,WOS:2455121408087442
US7516045B2,WOS:3011197100673226
US8135268B2,WOS:4451994918414793
WOS:4442028017789214,US8681913B2
WOS:4514180828953250,US6114344B2
US8883823B2,WOS:3427376508671410
US1545100B2,WOS:7298868045778440
US5295426B2,WOS:3174230586192063
WOS:290813072263968,US8744401B2
WOS:1027791562494707,US2466123B2
US7969971B2,WOS:3141957887595882
US1662252B2,WOS:6257885756661977
US4045689B2,WOS:2425597648788849
WOS:2777318072692883,US7251629B2
WOS:5996963576352289,US7317462B2
WOS:1569174063946834,US2299009B2
US2610013B2,WOS:4605639681110285
WOS:2317696558076942,US8012307B2
US3372172B2,WOS:6097924737307705
WOS:8101056875070262,US8882654B2
US1367103B2,WOS:4039621542980250
US7531468B2,WOS:9088659084798012
US3750730B2,WOS:5889004153606071
WOS:9447474695392960,US4961853B2
US7591816B2,WOS:2298259005182246
US6979879B2,WOS:912147211094313
US1418388B2,WOS:2590019462447620
US3597404B2,WOS:399807943284244
WOS:698944383309347,US1314770B2
US7275716B2,WOS:404566730070083
WOS:9516180733448000,US8494066B2
US2439146B2,WOS:4798195952854482
WOS:890017245236393,US9889949B2
WOS:4172573752501782,US4328592B2
US3382475B2,WOS:2030361135595097
WOS:6704676961012388,US9929561B2
US3505163B2,WOS:9321662268492184
US8397184B2,WOS:1416759036879841
US9390056B2,WOS:9907260288737446
WOS:6903052959156265,US9630370B2
WOS:2792688076200212,US1744206B2
WOS:2527906368251280,US9614767B2
US4646348B2,WOS:5801989437618470
WOS:4161849057286305,US8634343B2
WOS:6097924737307705,US1187489B2
US1438634B2,WOS:6659392514710152
US9116971B2,WOS:2378528104015468
WOS:6947224745502415,US9059668B2
WOS:2780604110414137,US9877406B2
WOS:2732487847492526,US5490773B2
US8137259B2,WOS:9679832079909924
US5771393B2,WOS:1123154016667218
US6295739B2,WOS:4447961954401326
WOS:6640543495362282,US1813415B2
WOS:8277814832721316,US3465115B2
WOS:3771747389421547,US5158871B2
WOS:6584980586525995,US9186350B2
WOS:2040080514069525,US3479383B2
WOS:6502511229808575,US8859526B2
US9283906B2,WOS:5924482594004889
US4961853B2,WOS:9903403610764974
US4808092B2,WOS:3189053861477908
WOS:6570643432631193,US6407893B2
WOS:9524576512251390,US5528581B2
WOS:1114839942338629,US3090990B2
WOS:6820558955209478,US2301121B2
US9013037B2,WOS:781064205313996
WOS:6742036276797708,US9378650B2
US5295426B2,WOS:5886543872866312
US7764606B2,WOS:5920828697760608
WOS:5830109006968592,US5335625B2
US5945119B2,WOS:8079436864112334
WOS:6269206903711656,US7190373B2
WOS:6545047372237634,US9233267B2
WOS:3312523383026979,US2155560B2
WOS:8837752875491867,US4488349B2
WOS:2020629105851452,US2495485B2
US6876287B2,WOS:9301474988131524
US3600199B2,WOS:7136804061261380
WOS:6293921105898105,US9722021B2
WOS:6191690617193321,US8537644B2
WOS:3582260711181196,US1857097B2
US1566592B2,WOS:1849333982108170
WOS:1041266423961051,US4558248B2
WOS:2400562066957109,US4588816B2
WOS:4289434160206349,US6659533B2
US2121411B2,WOS:4274787753088756
WOS:8203980807727169,US1757674B2
WOS:4006613529319936,US9191723B2
US4592430B2,WOS:4729042378966413
US3152536B2,WOS:5435823772034755
WOS:7053146831083623,US3907815B2
US6392527B2,WOS:101051830361275
US3592731B2,WOS:7411419598160732
WOS:746338269303739,US2697781B2
WOS:4345665115922998,US9966917B2
WOS:2952738612991869,US9589574B2
US7366591B2,WOS:3453901106111283
US3143612B2,WOS:4001565134909566
WOS:3401117921490267,US3494997B2
US8295166B2,WOS:58800433276205
WOS:9650597489665326,US4730469B2
WOS:503715903000842,US6885280B2
US6835913B2,WOS:1061291199445913
WOS:500499614872813,US1801611B2
US3232024B2,WOS:6664760684814690
US8887217B2,WOS:2773276673657510
US1717933B2,WOS:8480414101622928
WOS:7991673870045238,US7013973B2
US7294920B2,WOS:4980738776917365
WOS:468027623735781,US6399777B2
US2416892B2,WOS:5576780947879964
WOS:3488353582681149,US6544767B2
US5658917B2,WOS:3567488872537824
US3584289B2,WOS:5873674336888359
WOS:2628614775188268,US9642773B2
WOS:6828052574835087,US9773986B2
US6441203B2,WOS:6326000398305680
WOS:8983437536443698,US7764916B2
WOS:4072328184230638,US2919553B2
WOS:2621467403623418,US9586173B2
US3073564B2,WOS:2682898621505468
WOS:9952211463632754,US1572233B2
WOS:6972954663586130,US6413262B2
US1455679B2,WOS:7535886548611048
US1854700B2,WOS:8537380655426880
US3898431B2,WOS:1617600525730545
US7368850B2,WOS:4230086108421366
US5482518B2,WOS:7004325502621884
WOS:484974483009841,US6620543B2
WOS:3300008549149262,US7620785B2
WOS:7108014714729112,US2605377B2
WOS:1807296935295633,US4210539B2
WOS:7411419598160732,US3945414B2
US2727914B2,WOS:8625667795696604
WOS:7384360779904946,US5004864B2
WOS:6904460934940712,US2314879B2
WOS:6829066287147629,US3621683B2
US3040029B2,WOS:999614255835554
WOS:9955746073887958,US7090437B2
US2248627B2,WOS:8957970540052852
WOS:3787155979091642,US7356474B2
WOS:4210422700838097,US6290339B2
WOS:1853706279135335,US5486560B2
WOS:6164209362581827,US8308591B2
US8006569B2,WOS:6458982676009131
WOS:2518920363259796,US9126474B2
US2955916B2,WOS:5745097294040935
US7773801B2,WOS:1872657164566496
WOS:7004325502621884,US6399777B2
US3165129B2,WOS:6341616307930807
WOS:8315540709049229,US9635854B2
WOS:3433438415851616,US3090990B2
WOS:5254011855857658,US9797935B2
WOS:5410180910059513,US3155658B2
WOS:7235970163871741,US7762546B2
WOS:3681524974150363,US8177728B2
US8911048B2,WOS:5942334788026062
WOS:7927148551706004,US2029002B2
WOS:2460708277032907,US5684093B2
US3481826B2,WOS:5837236870712423
US1471181B2,WOS:8006649301143224
US6077278B2,WOS:1288969691771236
US1717698B2,WOS:5246891439968745
US1028954B2,WOS:959067751620989
US3127050B2,WOS:7308354815484647
WOS:944602890353871,US7726838B2
WOS:9873077977295296,US6726746B2
WOS:5044663567709297,US7356474B2
WOS:6863745987239415,US8825240B2
WOS:9357880675212252,US3513932B2
WOS:997130244955079,US6346709B2
WOS:2755691285137374,US8789614B2
US2728738B2,WOS:8573653301874464
US2467855B2,WOS:1253562612243832
US2570195B2,WOS:1789546919207473
WOS:9945356376582198,US2439146B2
US4618882B2,WOS:2878120794434177
US8623933B2,WOS:2752706899825448
WOS:1678515762476661,US9191941B2
US4373665B2,WOS:2618082653762521
WOS:9365353972975000,US1711305B2
US6667797B2,WOS:6409991898743617
US2219672B2,WOS:506057550887440
US1161633B2,WOS:54558153761854
US8226232B2,WOS:8570059536343955
US2322771B2,WOS:5265935536447686
WOS:6543588274810092,US8854121B2
WOS:8393973447982194,US9105897B2
US7561011B2,WOS:6277940056807592
WOS:3319743399654659,US1248706B2
WOS:6714547145869301,US3483564B2
US9353623B2,WOS:2035780071634818
US1184069B2,WOS:7298615424303669
US8226232B2,WOS:3742967584308929
WOS:7390398360616372,US4742237B2
US8397386B2,WOS:9248690334547804
WOS:4653599447078893,US6755386B2
US4409527B2,WOS:731149234817941
US4384254B2,WOS:7585178023545570
WOS:7018913327582512,US2782411B2
US6436007B2,WOS:5107288022342170
US4103065B2,WOS:9212769429268112
US9939178B2,WOS:3793868907900690
WOS:6269873305041476,US9318337B2
US5743747B2,WOS:13174558650472
US3370804B2,WOS:2338757099181375
US5605927B2,WOS:7004735685822676
WOS:6273918531910556,US5315641B2
US6239512B2,WOS:6624632578753600
WOS:3264169463244789,US3959688B2
US5456894B2,WOS:9213150713403710
WOS:5722548779779348,US1570704B2
US1742106B2,WOS:4350207353347915
WOS:5797958124446150,US6816191B2
WOS:671873447958981,US8494066B2
US2408534B2,WOS:190711014440835
WOS:8752689632952314,US2976133B2
WOS:949972367863430,US4232972B2
US8408677B2,WOS:2785169126656737
US3458362B2,WOS:8186210358248269
US7002909B2,WOS:9477977055582462
US9344999B2,WOS:6938044012622141
US9500151B2,WOS:9651446875661450
US4640312B2,WOS:6637116698139031
US8457118B2,WOS:6201953485450096
US6835913B2,WOS:2914110763229955
US9567277B2,WOS:5889740350189507
WOS:663517219194495,US7122812B2
US2573093B2,WOS:5638904850958805
US2887310B2,WOS:7454115628675859
US4482264B2,WOS:2619216810394564
US4146181B2,WOS:7454115628675859
US2453913B2,WOS:7296541312501765
WOS:5910954380376404,US3607201B2
US2522512B2,WOS:1856560258399354
WOS:5658007064282385,US4588816B2
WOS:9248690334547804,US5410765B2
US1081200B2,WOS:5963553068058068
US7170904B2,WOS:136354181475867
WOS:6781544255600532,US7346038B2
US3579743B2,WOS:3032553553193780
WOS:8611966939243234,US7346038B2
WOS:6065824269346048,US9617355B2
WOS:5206598930184890,US4137392B2
US2687504B2,WOS:8199586143761404
US1676637B2,WOS:9212769429268112
WOS:7034920418151343,US1557596B2
WOS:2868028928246003,US4768747B2
US9364038B2,WOS:9295730564982644
US3330841B2,WOS:3280749476643599
WOS:6126227653106060,US7586184B2
WOS:5933374790936462,US2944732B2
WOS:6996312714219441,US2766961B2
WOS:7024601872010701,US6290639B2
US6835913B2,WOS:7553131644667175
US1383543B2,WOS:5136480394630453
WOS:5487968076960420,US9367776B2
US5449511B2,WOS:6398818108696990
US9878831B2,WOS:4131352793708261
WOS:1486996786374737,US8675665B2
WOS:6584075329447782,US2144369B2
WOS:1872378602744103,US5350122B2
WOS:5206598930184890,US2509293B2
US2003200B2,WOS:6677752244852104
US2738312B2,WOS:3401117921490267
US5335625B2,WOS:5488393650398916
WOS:778599955734920,US4565721B2
WOS:1417984823205920,US1900024B2
WOS:3011197100673226,US1813191B2
US6452191B2,WOS:8550687397475591
US3727617B2,WOS:248103569421888
WOS:8971554891553011,US6244478B2
US9302000B2,WOS:7927148551706004
WOS:7548938100594572,US8052085B2
WOS:1059136963382996,US6413390B2
US9808500B2,WOS:4464657897586132
US7494336B2,WOS:7091822253767485
WOS:3099544946543463,US8694768B2
US3723293B2,WOS:7965228482547597
WOS:7235924755136828,US5262064B2
WOS:6320048095044026,US6874068B2
US2792708B2,WOS:5313902139673637
WOS:1046220407746336,US9068272B2
US8308591B2,WOS:5975190545751657
US1566609B2,WOS:5670631477099955
US3840969B2,WOS:3543473288818595
US8162658B2,WOS:9335703993609844
US2797921B2,WOS:3392426651301448
WOS:643346537427387,US3274543B2
US1298294B2,WOS:7435416136487373
US9160265B2,WOS:2647796343764961
US1019174B2,WOS:7497046749859728
US3397674B2,WOS:4231634154923818
WOS:5213550831109294,US1688531B2
WOS:5195697879539545,US6182589B2
US2743393B2,WOS:6256299660321199
WOS:6664760684814690,US9081947B2
WOS:615772789385194,US7698883B2
WOS:5994187078786689,US7037540B2
WOS:7641417113630035,US7398041B2
WOS:5119103587346827,US8092222B2
US4004672B2,WOS:9799687623049986
US8319055B2,WOS:5841682439155022
US2021913B2,WOS:1919148972094416
US9363655B2,WOS:66244310927423
US7187308B2,WOS:172316278853827
US6430159B2,WOS:6495949038219703
US3541228B2,WOS:7462101740777558
WOS:1348591455386317,US3074662B2
US5407687B2,WOS:3810916470473382
WOS:1475090264350372,US4026048B2
WOS:776225998356600,US3220562B2
WOS:4139712132567052,US4771770B2
WOS:4071606662533021,US5328326B2
WOS:2882251526497279,US4779690B2
WOS:9637711983933278,US5360659B2
WOS:2185465251000339,US7095566B2
US4700632B2,WOS:6699888667955615
WOS:8991611592122958,US2290369B2
US6413262B2,WOS:2986211762753941
WOS:7709635660243143,US9027564B2
US1012982B2,WOS:7289704304479092
WOS:638745286004177,US8820328B2
US5348246B2,WOS:1590713224613294
US2408534B2,WOS:1590713224613294
WOS:4350432160739089,US4806246B2
WOS:5913264094773178,US2728738B2
WOS:2994235944188933,US3151589B2
WOS:3267318396435920,US1123313B2
US1298294B2,WOS:5975689887529739
US5421184B2,WOS:716509978589015
US9861528B2,WOS:5114341928585606
WOS:7308354815484647,US1792857B2
WOS:4072328184230638,US4877848B2
WOS:8918167525451051,US2334120B2
WOS:6220280363503480,US3384222B2
US9568299B2,WOS:2742473894526564
WOS:5314004952746104,US2806317B2
WOS:3435805087272264,US1161633B2
WOS:7298173715946240,US4407108B2
US9731099B2,WOS:7873293860283113
US7437684B2,WOS:871397960777667
US9470555B2,WOS:8637012767624041
WOS:5266341560708514,US3540863B2
WOS:7984051090309569,US2501158B2
US2248627B2,WOS:7739052958873545
WOS:6584980586525995,US7443732B2
WOS:242263195644622,US1383543B2
US3416289B2,WOS:33281745038721
US3152536B2,WOS:167960093029626
US9415760B2,WOS:9660318386350008
WOS:8636885913234498,US3891616B2
US8305617B2,WOS:6247877491917855
WOS:1872657164566496,US8187009B2
US6390084B2,WOS:791417469277123
WOS:3466161964737256,US4481218B2
US3051566B2,WOS:9357880675212252
WOS:7709278504250264,US7236324B2
WOS:5208303678339376,US4108358B2
WOS:8244485997956685,US9200735B2
WOS:2098922831638234,US2408978B2
WOS:395584020556198,US3072818B2
US8176346B2,WOS:5991826798516096
US6133569B2,WOS:781064205313996
WOS:6379309771440384,US7205607B2
WOS:8177999893830212,US9090205B2
WOS:1621228144913296,US1161453B2
WOS:7854717660739200,US5850868B2
WOS:8940067659710024,US3778028B2
WOS:3264169463244789,US5841442B2
US9674549B2,WOS:3660291296614028
US9116971B2,WOS:5884754483961627
WOS:1929288635061042,US6983762B2
WOS:9212769429268112,US7395028B2
US1717933B2,WOS:3016061449186815
WOS:2527906368251280,US5199674B2
US1545211B2,WOS:3092496831245892
WOS:4224518466310926,US7468726B2
US9160265B2,WOS:1929288635061042
WOS:808134006674200,US9611767B2
WOS:8705925727924431,US3068168B2
WOS:7565120210243532,US9324496B2
WOS:9699910746647198,US2492417B2
WOS:5660607292372792,US6646581B2
US2609077B2,WOS:9296615775429914
US4916378B2,WOS:9223368367727130
US7834029B2,WOS:3958661223349519
WOS:9573638540427554,US4533045B2
WOS:2399214757304491,US1935295B2
WOS:6888171365634446,US7398041B2
WOS:6178091769371276,US5113529B2
WOS:1925631334616082,US3358305B2
US5892196B2,WOS:4261352612919109
US4837274B2,WOS:7047139794303063
WOS:9313594752897376,US1778723B2
US5686610B2,WOS:9200877141995942
US6929572B2,WOS:9200877141995942
US5482229B2,WOS:6342275839689940
WOS:2597105744974472,US9946136B2
US1543730B2,WOS:8775688229719229
US1011784B2,WOS:3260519722118023
WOS:6592633245272313,US2314879B2
US7064593B2,WOS:834460000841148
WOS:7974041206273009,US1681105B2
US9178982B2,WOS:9082630924899884
US7682502B2,WOS:8814077635268116
US7081646B2,WOS:4729778464450287
WOS:3609667862219531,US3728061B2
US4587179B2,WOS:6273991816249562
US6853367B2,WOS:289449749232056
US7923623B2,WOS:3993588257251480
US9859378B2,WOS:504046431621204
US7986642B2,WOS:8486911656814339
US1969946B2,WOS:681178381269737
US7447041B2,WOS:2338757099181375
US7618075B2,WOS:6543588274810092
US3584289B2,WOS:1678515762476661
US8580970B2,WOS:7702281029495206
US9586968B2,WOS:8781604662151351
WOS:3034150480282070,US3906891B2
WOS:5202202199141459,US5272692B2
WOS:1580069632365233,US7731745B2
WOS:4386760970510647,US9428094B2
US4673990B2,WOS:6517621531768225
US6782017B2,WOS:7404266130822982
US7082629B2,WOS:5737821507617508
WOS:8896390834394695,US9716456B2
WOS:1014895088447703,US3388881B2
WOS:6493176686945575,US4270381B2
US1383543B2,WOS:8511711879940193
US8176346B2,WOS:8152293657784357
WOS:3034150480282070,US1610735B2
WOS:4270453728781873,US3581994B2
WOS:4081927895599108,US9289489B2
US1365989B2,WOS:8081386375904994
WOS:1967351581600735,US9568559B2
WOS:9893863299414876,US2338935B2
US6276080B2,WOS:3575404717287110
WOS:2185465251000339,US7553382B2
US7022567B2,WOS:3941290451012013
US1895962B2,WOS:4566279985446121
WOS:2409901788630000,US6681571B2
US5262064B2,WOS:8841971670669099
WOS:1075014125447359,US2919553B2
WOS:9877036449931576,US9794127B2
US2667620B2,WOS:7641417113630035
US8695035B2,WOS:7416026068620049
WOS:3027364317323931,US5374642B2
US5541812B2,WOS:4304783977623770
WOS:7004250427035220,US7731745B2
US2531209B2,WOS:4593760431068110
WOS:8203980807727169,US2355192B2
US2292164B2,WOS:7716385870765436
US3725873B2,WOS:1190527630657130
US3662822B2,WOS:909802137449177
US8991699B2,WOS:4172573752501782
US2738480B2,WOS:7603361596975931
WOS:1680047239700756,US6077278B2
US4345993B2,WOS:8845963482440261
WOS:498008556707190,US2203438B2
WOS:765089424557141,US8589122B2
WOS:1385786586180644,US8638942B2
WOS:9799687623049986,US2925419B2
WOS:5442295477993131,US8305939B2
WOS:2141911627092008,US3384694B2
US2227928B2,WOS:3507858041004413
US5117499B2,WOS:2475807668039979
WOS:7619544102018535,US1462788B2
WOS:3053128744692291,US2694512B2
WOS:6856599775329209,US2509293B2
US5803280B2,WOS:8052115979892646
WOS:7286242627947410,US2784858B2
US5678447B2,WOS:4493800371623872
US8995902B2,WOS:7387340083043676
WOS:4050734075824736,US1359076B2
WOS:3479331103732283,US6866306B2
WOS:5056549988060730,US3367884B2
WOS:29492481899852,US5037641B2
WOS:6471317294037147,US9735032B2
US5727918B2,WOS:7330318729407108
US8958011B2,WOS:8259097310156711
US4424041B2,WOS:2747901435004132
WOS:4040480111112898,US3704188B2
WOS:331897530307670,US9660071B2
WOS:2562863436501344,US3330841B2
US4103065B2,WOS:4632191003700598
WOS:760817029189293,US8291012B2
US7228096B2,WOS:1961795207291326
WOS:2145415672813610,US1955695B2
WOS:6196703901125689,US8698544B2
WOS:7709635660243143,US4974052B2
US1807832B2,WOS:9187271283488968
US4003127B2,WOS:2834275151974398
WOS:7648249941338562,US4018765B2
US9736917B2,WOS:2341613821959719
US8927458B2,WOS:2817436846535077
US2970709B2,WOS:2133888022890938
US9795365B2,WOS:8186210358248269
US5252299B2,WOS:1357390807621896
WOS:434914782689694,US3393218B2
WOS:9212769429268112,US7670846B2
WOS:318731934565714,US6696764B2
WOS:3827657515901223,US4258973B2
WOS:890017245236393,US4586146B2
WOS:4261352612919109,US7260611B2
WOS:2921385072067310,US1706313B2
US4869879B2,WOS:7929624207172233
WOS:8892682181036829,US5670683B2
WOS:2835830639816352,US7642406B2
US1501767B2,WOS:6215558933351309
US9731099B2,WOS:9472507291665998
US8584077B2,WOS:5599516760623666
WOS:8192259926748454,US4071100B2
WOS:8962867300277332,US7324132B2
WOS:1004975422471299,US7159863B2
US3094178B2,WOS:2125948584457730
US4740194B2,WOS:7496284909081282
US5012504B2,WOS:3221313968630541
WOS:6381418494044567,US9172678B2
US4122544B2,WOS:9940535171545432
US1778571B2,WOS:3414428851677131
WOS:246527618034043,US4995938B2
US9110540B2,WOS:8384837921548
WOS:5041005070399654,US7187957B2
US8628607B2,WOS:868467579465430
WOS:6623630033563615,US4344218B2
US4666161B2,WOS:5066667616234534
US9787429B2,WOS:1323417485527354
US2381050B2,WOS:5049105164472943
US1396548B2,WOS:5171117439080046
WOS:2592384266329280,US8689641B2
WOS:4094711657283509,US9606501B2
US3632910B2,WOS:8486911656814339
US3020068B2,WOS:7416026068620049
US3483564B2,WOS:2885415526549133
WOS:4453306248944479,US1889315B2
US9401957B2,WOS:729579666713369
US4587179B2,WOS:8624543453309744
US2344420B2,WOS:9307160308152274
WOS:3815288048086316,US3049863B2
US5861223B2,WOS:2043600445055825
WOS:6186713276128412,US9215685B2
WOS:1878330229819573,US3103926B2
WOS:2668474625282582,US1142389B2
WOS:266960113191655,US9064139B2
WOS:6942503122892540,US9068272B2
WOS:6283205348101960,US7160528B2
WOS:9213150713403710,US3977999B2
WOS:5247018856518821,US8420179B2
WOS:586748850440275,US9452943B2
US1566391B2,WOS:366007556013807
US6663843B2,WOS:4565626236728832
WOS:3159983133182058,US2443062B2
US4383893B2,WOS:3640953401535882
US1703357B2,WOS:3640953401535882
WOS:9101664207159402,US9367971B2
WOS:5410180910059513,US4012905B2
US1345491B2,WOS:2494612869932918
WOS:5563850461090351,US8602269B2
US3648919B2,WOS:4762293720153627
WOS:6904460934940712,US9206416B2
US3566538B2,WOS:4313332812709277
US1662252B2,WOS:5982450451977181
WOS:5441304201596665,US9960674B2
US3833911B2,WOS:2149534143699839
WOS:1697853884959621,US4919602B2
WOS:2712145465938736,US5849363B2
US1458297B2,WOS:7431143107326712
US6969207B2,WOS:7430587041388012
US1860194B2,WOS:3432152430733773
US8721982B2,WOS:2069271999113604
US1085108B2,WOS:4475320483509729
US2708336B2,WOS:373836597824622
US6775437B2,WOS:9216335275996596
WOS:4224518466310926,US6777330B2
US8975992B2,WOS:3790160302711794
WOS:3220245334082468,US4298328B2
US3915152B2,WOS:3604872762874777
WOS:289449749232056,US6819013B2
US6542338B2,WOS:1562979642842841
WOS:7940357479143915,US8721437B2
US1141303B2,WOS:8628026309032210
US7394724B2,WOS:4926090164040944
US5700639B2,WOS:7410103144666875
US8167183B2,WOS:3055898315303444
WOS:83964072341784,US8397184B2
US5091009B2,WOS:7631892605288052
US8910932B2,WOS:2137336256937815
WOS:7913472195084075,US4533045B2
US9857038B2,WOS:265661062728239
US9397275B2,WOS:265661062728239
WOS:8261371452192017,US8381273B2
WOS:3159983133182058,US1826104B2
US3500326B2,WOS:864343366529834
US1443108B2,WOS:2693287523220720
WOS:5660607292372792,US9705621B2
WOS:8345625564292873,US1566592B2
WOS:9733804738326624,US9001685B2
US5644830B2,WOS:2405293238057717
US9693121B2,WOS:6662686167373125
US8910932B2,WOS:741230386418540
WOS:5563850461090351,US3397674B2
US1714476B2,WOS:3897199773175974
US8624178B2,WOS:4130622597131541
WOS:5449879897084737,US6182417B2
WOS:7652417845607749,US9108546B2
US8556285B2,WOS:9406065172192658
WOS:5393465073261188,US6459937B2
WOS:6601974569274934,US9586532B2
US8927458B2,WOS:2545432969386280
WOS:9014299205127226,US7295300B2
WOS:1536900181149178,US7295300B2
WOS:7150853769683500,US7190373B2
US3005287B2,WOS:5117154273777009
US4740194B2,WOS:5764863228261769
WOS:2251228962430877,US3828301B2
US4150473B2,WOS:5055065453087493
WOS:4600204348579092,US9486646B2
WOS:5895903274253713,US4357152B2
US7923623B2,WOS:1924272384285226
US6152872B2,WOS:3889422597873286
US7317446B2,WOS:756289420674031
US9496877B2,WOS:663184996700934
WOS:2518920363259796,US4254340B2
WOS:5599516760623666,US3466893B2
US5387561B2,WOS:5996963576352289
WOS:762076611851663,US4294033B2
US8936616B2,WOS:1572673234315244
WOS:4323421383720796,US8866899B2
WOS:4114828712157158,US8555957B2
WOS:2780599373116481,US2530092B2
WOS:5731587898016756,US4302080B2
US2766866B2,WOS:3838287909816697
US4103065B2,WOS:1009702929871930
WOS:8632108419801289,US3997719B2
US8522915B2,WOS:7773793934738916
US1737796B2,WOS:7773793934738916
US7141196B2,WOS:1244024474767681
WOS:9843220723758842,US5362734B2
WOS:957526626049227,US9382654B2
WOS:778599955734920,US3080184B2
WOS:2306763576866248,US5700639B2
US8840634B2,WOS:6516643571579005
US7113843B2,WOS:9490010189534612
WOS:6246864534519911,US3163971B2
WOS:4261352612919109,US9617355B2
US7231480B2,WOS:3958661223349519
WOS:3690210643746849,US3678879B2
US5586884B2,WOS:4146830403739173
WOS:698944383309347,US5275726B2
US9181500B2,WOS:1885794841717823
US8951244B2,WOS:8033088558577691
US3313817B2,WOS:5401928826857533
WOS:8524766842130002,US9636686B2
WOS:8682920966786255,US9636686B2
WOS:1600670414533179,US2664325B2
US8385286B2,WOS:6516643571579005
US1776175B2,WOS:2630414383215687
WOS:445958900194803,US1880454B2
US9736917B2,WOS:2923930558166947
US2067422B2,WOS:8845963482440261
US8440708B2,WOS:6033593887558780
WOS:9952211463632754,US4780051B2
US4431976B2,WOS:8759762792065977
US6826685B2,WOS:3868198425976798
WOS:7662484437200979,US7275716B2
US2735224B2,WOS:6835564987114122
WOS:1715634337957284,US3888119B2
US4347852B2,WOS:3610320741562405
US9823431B2,WOS:4890749158839403
WOS:5233968592844123,US1792857B2
US6257487B2,WOS:1555007713024167
US1676637B2,WOS:1201681897370918
US9560462B2,WOS:353990652967816
US5216639B2,WOS:2831061718002087
WOS:1164576826952683,US5701440B2
US6931782B2,WOS:409583247180755
WOS:4111214375270266,US8283030B2
US7028098B2,WOS:624262042626294
WOS:6904460934940712,US5980440B2
WOS:3822412829834636,US5166576B2
WOS:7548938100594572,US6737729B2
US4351871B2,WOS:490125380612405
WOS:3579363754730447,US1068831B2
WOS:6821440173889336,US2654595B2
WOS:647505433948872,US1814255B2
WOS:6699888667955615,US5280941B2
US9495941B2,WOS:8158181797415331
US6602329B2,WOS:1552238044330123
WOS:5083009494336620,US7398793B2
WOS:3987030215115584,US1388767B2
US9510388B2,WOS:6454335151898713
US7863322B2,WOS:8628026309032210
US9583596B2,WOS:6947946914417022
US1716944B2,WOS:9464631009960688
US6124161B2,WOS:8274741525371250
WOS:8063711527402155,US1162460B2
US7886898B2,WOS:906223505213808
WOS:2040080514069525,US1197920B2
US2485495B2,WOS:8457032967149376
WOS:9213150713403710,US1123984B2
US9568383B2,WOS:4874888456459558
WOS:6097924737307705,US8291669B2
WOS:5388377793315207,US3423016B2
US1557596B2,WOS:8948963272507142
WOS:407017481144021,US2183211B2
WOS:1645461062155075,US2183211B2
WOS:6342574150170065,US1872340B2
US7375893B2,WOS:8453195804918040
WOS:5056549988060730,US8818163B2
US6219022B2,WOS:6257885756661977
US5961689B2,WOS:5613485481770458
WOS:5136480394630453,US6219022B2
WOS:5005518854768534,US2789742B2
US3517310B2,WOS:1580069632365233
US3680984B2,WOS:3714462788076212
WOS:8883680815288601,US8675665B2
WOS:8108971822355074,US5990423B2
WOS:9977441421880376,US8675665B2
WOS:8949411647439771,US2696174B2
US3127050B2,WOS:1155514474908411
US4401354B2,WOS:6528662528392855
US4981805B2,WOS:4740441440246213
WOS:8108408441811930,US4924708B2
US8485366B2,WOS:3600194081698151
US2708336B2,WOS:6353118110112265
US1049016B2,WOS:3825212189244910
US5066583B2,WOS:3807658690023035
US5560804B2,WOS:380628493082918
US7726000B2,WOS:5527439461034904
US4947978B2,WOS:6681393078190408
WOS:5423525522182169,US9510388B2
US4236654B2,WOS:7433495007371281
US5815295B2,WOS:5792024253969239
WOS:7692297052935738,US9767336B2
WOS:9183009195766280,US2191102B2
US3878302B2,WOS:1602935695487514
US4352395B2,WOS:2125571991776733
WOS:2620903846680840,US9642773B2
US3076774B2,WOS:149636269742101
US4985676B2,WOS:8608515882145975
WOS:7386412898983477,US8729451B2
WOS:3681394257189117,US3963074B2
WOS:5660607292372792,US6792078B2
WOS:862086015920074,US6792078B2
US4459649B2,WOS:4122075733049339
US4733630B2,WOS:8244485997956685
US5541812B2,WOS:6201953485450096
US3569945B2,WOS:6507330004938322
WOS:8564250557279703,US6452191B2
WOS:7439901351305675,US6440342B2
WOS:2154342308532596,US4441251B2
WOS:3904756459641188,US1572233B2
WOS:8986018105679485,US3275374B2
WOS:8295731908977229,US2694512B2
WOS:5422906777825147,US3667799B2
WOS:6527743054369121,US6187451B2
WOS:3438747822862878,US9888416B2
WOS:3824277603249865,US5623701B2
WOS:4829046622319219,US3258332B2
WOS:9905946157219656,US3258332B2
WOS:9896263040442904,US9518280B2
US5751380B2,WOS:5314004952746104
WOS:3468059900547095,US8363231B2
WOS:7496284909081282,US7225109B2
WOS:7304356425486797,US7694577B2
US5149745B2,WOS:8183406911220034
WOS:9664038606895326,US7779981B2
US5852074B2,WOS:1251868409734336
WOS:5722548779779348,US9881375B2
US3930794B2,WOS:197212768399557
WOS:8562868835657454,US2670625B2
US5861223B2,WOS:2488457393613386
WOS:8243834131697497,US2378426B2
WOS:8635443684859910,US8607086B2
WOS:8892682181036829,US6240116B2
US6660834B2,WOS:729628156219440
US7002909B2,WOS:9735537714949714
US3011217B2,WOS:8626609265215521
US6585866B2,WOS:4616662849264310
US8225012B2,WOS:167960093029626
US4305994B2,WOS:2881725461951902
US6449823B2,WOS:2836631758173464
US9810342B2,WOS:2394109341435170
US7581734B2,WOS:2394109341435170
WOS:8203653011983368,US9838026B2
WOS:3936382296201886,US8447349B2
US6390084B2,WOS:1677315559249467
US7927946B2,WOS:4676430661760253
US6152872B2,WOS:6559254183785071
US4071005B2,WOS:7164963415430575
WOS:8424028400113355,US1873739B2
US6133182B2,WOS:69978208962907
WOS:4434318727491098,US6734723B2
WOS:7496284909081282,US8640013B2
WOS:1789295931787010,US5635923B2
WOS:7354841543429090,US7639443B2
US7679952B2,WOS:3463538156795519
US6885800B2,WOS:221799217957577
US8668306B2,WOS:1408835277160768
WOS:6493176686945575,US4137605B2
US2665938B2,WOS:3987030215115584
WOS:9615624356889084,US5228626B2
US3101203B2,WOS:5824019835454674
US8245394B2,WOS:3091820877761631
WOS:5422906777825147,US8694354B2
US3416289B2,WOS:5075592233638672
US7863322B2,WOS:1604608677232443
WOS:6782628258398882,US6488359B2
WOS:3824928235835986,US3621683B2
US2875180B2,WOS:9445060890058862
US7219354B2,WOS:6152615161371385
WOS:3681524974150363,US6452541B2
WOS:1123154016667218,US2951802B2
US7305588B2,WOS:1250008717429120
US8488913B2,WOS:1358894946222357
US4675425B2,WOS:1624791014591620
WOS:9155815695044760,US2275165B2
US7554510B2,WOS:9411880537513956
WOS:3866409581884857,US2584220B2
US9197081B2,WOS:6659392514710152
US4059788B2,WOS:1651518637187828
US1711305B2,WOS:8969421337296702
WOS:7334550565045487,US6636593B2
US6610817B2,WOS:6449867820829352
WOS:3958732569611614,US5428069B2
WOS:7958055844361946,US5813163B2
WOS:9952211463632754,US5813163B2
US1958912B2,WOS:4453306248944479
US9189508B2,WOS:4574613308792472
US5567799B2,WOS:6811447250091693
US9881790B2,WOS:946444367056119
US7207031B2,WOS:6531330333267221
US2355192B2,WOS:5194353332623208
US2472234B2,WOS:5587787923435649
WOS:4993906166213583,US4857705B2
US6982878B2,WOS:3237801986777842
US1728145B2,WOS:5477617339060173
WOS:1228469032014224,US6611725B2
WOS:7995487095076397,US6611725B2
US2560434B2,WOS:3893729411353049
US6209969B2,WOS:1049858307028025
WOS:1242789975421928,US6490263B2
US5663229B2,WOS:2816874564533355
WOS:7808173145300977,US5078148B2
WOS:1833243880007358,US6243380B2
US9764572B2,WOS:2427082545276869
WOS:6471317294037147,US2281201B2
US2105803B2,WOS:8157093618924089
WOS:9248690334547804,US8755251B2
US2697679B2,WOS:4323421383720796
US1545100B2,WOS:3934185222597067
WOS:3016061449186815,US3541208B2
WOS:7301470528613529,US6420868B2
WOS:4081927895599108,US3541208B2
US2176739B2,WOS:6747549445201672
WOS:314237077791587,US3736135B2
US9783207B2,WOS:9815431490049606
WOS:7264135533575427,US1241076B2
WOS:5767302292024241,US1241076B2
WOS:5446147771767987,US6813421B2
US2133132B2,WOS:2493758133503095
WOS:9114112575572056,US6025712B2
WOS:4481058018794655,US2026724B2
WOS:6887274778248080,US8584077B2
US4053105B2,WOS:9530305150933368
US7377005B2,WOS:7160966966901959
US1711708B2,WOS:8588757696677386
WOS:5233968592844123,US2634758B2
WOS:8276437985576905,US5149745B2
WOS:6960875247003066,US5149745B2
US4356615B2,WOS:9253499694569142
WOS:1609783793668479,US8084698B2
US7770548B2,WOS:5195697879539545
US7801697B2,WOS:953028668877710
WOS:7022683005007408,US3736652B2
US8178122B2,WOS:6941930330305465
WOS:1638187478221780,US4065367B2
US6313741B2,WOS:8705925727924431
US9857038B2,WOS:7390398360616372
WOS:485316286603357,US6500675B2
US2852857B2,WOS:6628698378260193
WOS:7622909117225568,US1571451B2
US6079939B2,WOS:6676302876020040
WOS:8009285412743725,US7224229B2
WOS:6374833983519958,US5229907B2
US6360789B2,WOS:1689165514361387
WOS:346254943836506,US1205910B2
WOS:5044387617730756,US1612756B2
US9436577B2,WOS:8053385329958447
US6079939B2,WOS:8536425223888202
US6786493B2,WOS:8637012767624041
WOS:401212571470693,US6700791B2
WOS:5680841693279161,US2536262B2
WOS:3070211127464810,US3956409B2
WOS:7731635166320095,US3476778B2
US4515686B2,WOS:2569206658190771
WOS:959067751620989,US2874226B2
US1512720B2,WOS:4274850793018849
US8691889B2,WOS:3625068591144637
US1028954B2,WOS:3625068591144637
WOS:1322492522166512,US4244957B2
US6404528B2,WOS:5274775148133619
US9131631B2,WOS:9328567105606666
US8352147B2,WOS:1630217902095926
WOS:2257959357310634,US1071064B2
WOS:8241688539669526,US9609064B2
WOS:2919930462672994,US8681111B2
WOS:5027282067857548,US2563566B2
US5149745B2,WOS:776225998356600
WOS:932976875278743,US8984315B2
US5858322B2,WOS:3973131153834420
US9648168B2,WOS:8886057315292128
WOS:6408393598917923,US7445262B2
WOS:5865097930289415,US3378384B2
WOS:2331177762988994,US6169683B2
US4382478B2,WOS:3305166104649164
US9647297B2,WOS:1029421050237676
US2734396B2,WOS:9613866175934138
US3038566B2,WOS:1240870839571191
US1661105B2,WOS:1908338204049614
WOS:2527906368251280,US3565243B2
US3848075B2,WOS:5913264094773178
WOS:6326022946286920,US5635709B2
WOS:1267317827370494,US2391824B2
WOS:5777245045344692,US1180608B2
US9253796B2,WOS:3507417716260468
US4435224B2,WOS:1416759036879841
US6826685B2,WOS:2621467403623418
WOS:5707460434345419,US3203209B2
WOS:1019603940031385,US8052149B2
WOS:8849622910453887,US8501305B2
US5980440B2,WOS:6827115488034039
WOS:3459180640921917,US2784858B2
US2808351B2,WOS:5493802501221142
US8334712B2,WOS:172316278853827
WOS:2732487847492526,US7148315B2
WOS:6677752244852104,US8338725B2
WOS:8332817485993965,US6527394B2
WOS:2495829435700060,US9549126B2
WOS:8402782606742759,US5727918B2
US8830762B2,WOS:8050549278799197
US3728061B2,WOS:4618698868378484
WOS:414291635931470,US8716649B2
US6124161B2,WOS:5118454034160301
WOS:9685600888561240,US3648919B2
WOS:7893551186166496,US9050399B2
WOS:1735271011224162,US3081434B2
US1525816B2,WOS:9484066179236860
WOS:1884841598660570,US2656264B2
US5000816B2,WOS:7803311079105653
WOS:66244310927423,US4316249B2
WOS:1807296935295633,US5933354B2
WOS:8172869988018431,US5933354B2
WOS:1255266490832748,US8963457B2
WOS:4805815687611781,US8963457B2
WOS:8803277073012676,US2088056B2
US3104798B2,WOS:215966357812124
US3192927B2,WOS:2230944159933038
WOS:120107030723528,US7627171B2
WOS:7022212160514101,US7380249B2
US3021829B2,WOS:222485660436334
US8443332B2,WOS:8485140959972296
WOS:9315089390339242,US7654335B2
US5467962B2,WOS:7216129846822317
US2603802B2,WOS:7092669810618407
WOS:7235924755136828,US3275401B2
US6235239B2,WOS:5118845191361163
US4165084B2,WOS:2766587391123746
US5544852B2,WOS:8928166662236665
US6128568B2,WOS:6666051697116032
US8295825B2,WOS:3575194004646826
US2212281B2,WOS:9082492225376764
US2697679B2,WOS:8056202486609730
WOS:9307276119296300,US9132629B2
US9487005B2,WOS:6458986577140726
WOS:3740579261570195,US6324921B2
WOS:5462002118008687,US7156257B2
US9448610B2,WOS:1606753413565603
US9482462B2,WOS:151832544389269
US9609064B2,WOS:151832544389269
WOS:59864603647248,US6077278B2
WOS:5033373720515483,US9705955B2
US9464838B2,WOS:4621590306288313
US4871705B2,WOS:4304783977623770
WOS:8457677868745769,US5012504B2
WOS:5422906777825147,US1374378B2
WOS:6926306548906753,US8629825B2
WOS:2796524141474382,US2781968B2
US5400476B2,WOS:9190117379892614
WOS:2250123369089955,US2685242B2
US4860233B2,WOS:5275498922756589
US2781968B2,WOS:1758025430286085
WOS:2472508693891709,US3466893B2
WOS:4490674078772784,US3398665B2
US9068272B2,WOS:8574001828040651
WOS:8032182478316876,US1347738B2
WOS:9447474695392960,US4022409B2
WOS:524593138842192,US5937212B2
WOS:8056202486609730,US7164469B2
WOS:2719764785236013,US6318445B2
US8992155B2,WOS:8615409341110372
US2162568B2,WOS:7092669810618407
US1294335B2,WOS:9296615775429914
WOS:1738668108164752,US2071371B2
WOS:3324108682198681,US3845647B2
WOS:5613485481770458,US1742106B2
US3622683B2,WOS:1564439611028919
US1519937B2,WOS:4289434160206349
US6315949B2,WOS:8201736708508161
US2260301B2,WOS:948231956075990
WOS:1323417485527354,US4069793B2
WOS:8391283042948255,US1935295B2
WOS:7284724967737047,US4143029B2
WOS:4933747580029679,US7212151B2
WOS:4860350041807811,US5201951B2
WOS:9162565841965362,US4682656B2
US1282656B2,WOS:9759873324470706
US9154165B2,WOS:7647219490801072
WOS:308573335577212,US9489617B2
US6857983B2,WOS:7371833624462579
WOS:1267317827370494,US5828000B2
WOS:7929739120561647,US5321386B2
US8545794B2,WOS:1027939842691211
WOS:584943820696920,US1568953B2
US1878047B2,WOS:5892550853085583
US1294335B2,WOS:402076154606197
WOS:9771021151747420,US6476298B2
US1081200B2,WOS:7974041206273009
US9304315B2,WOS:3851170796378965
US6374032B2,WOS:693060886359821
US5668192B2,WOS:1175813627587417
WOS:6610014333003011,US6099356B2
WOS:2994457204093286,US5850541B2
US9575243B2,WOS:3741774100691097
US5172645B2,WOS:8282952165751236
WOS:7357310818120608,US8605535B2
WOS:3726447649045746,US9674620B2
WOS:5919957603206549,US3511046B2
WOS:4544707040466540,US9002862B2
US3947660B2,WOS:2141362653254539
US8523181B2,WOS:8366776930386395
WOS:1228469032014224,US1596350B2
US8984496B2,WOS:4243760641791283
US2617325B2,WOS:5270939033100130
WOS:8061357064963147,US7577145B2
US9144086B2,WOS:5030668447458762
WOS:7004325502621884,US9722021B2
US7099496B2,WOS:1697910591734055
WOS:2335081307332755,US8984496B2
US5252299B2,WOS:9156556458204306
WOS:5183469161329146,US2131043B2
WOS:5061100240242602,US2131043B2
US7993714B2,WOS:4672458612134001
WOS:9877036449931576,US3546989B2
US7394724B2,WOS:8140107151159128
WOS:1471885457792045,US8597874B2
WOS:8721805780074791,US8909453B2
WOS:967504905251152,US8839239B2
WOS:55056632622190,US5671200B2
US4589464B2,WOS:6632548736462448
US9024537B2,WOS:6852809344679133
US2843889B2,WOS:2285728420242104
WOS:3021731527123362,US6704143B2
US7399990B2,WOS:2273538322500259
US2481769B2,WOS:4511575576302632
WOS:8081386375904994,US2818064B2
US8361741B2,WOS:6329526530838325
US1383543B2,WOS:2732487847492526
US8988282B2,WOS:6942125995841269
US8391536B2,WOS:6942125995841269
US9276141B2,WOS:6769175844644177
WOS:3787155979091642,US9394481B2
US4351871B2,WOS:4253427139412081
WOS:510542894672569,US7146119B2
WOS:3685359508857179,US1219704B2
WOS:165584388807418,US4501836B2
US4638583B2,WOS:6533370372771200
US1382344B2,WOS:6533370372771200
US9298769B2,WOS:5470702341833046
WOS:4527029090059430,US3781823B2
US2281201B2,WOS:6848013104898922
WOS:7739052958873545,US3758451B2
US9300954B2,WOS:3455885324935870
WOS:3690210643746849,US9200735B2
US8784231B2,WOS:8952790398824627
WOS:2158219948136463,US9484027B2
WOS:6042961207185289,US5751380B2
US3496989B2,WOS:6148031979834141
US5832715B2,WOS:7673337807224811
WOS:708281059236007,US8729451B2
WOS:2994457204093286,US4327705B2
WOS:6342574150170065,US3833357B2
WOS:9713786065980694,US2887428B2
WOS:6496507913895651,US2096743B2
WOS:9442264736352162,US6307940B2
WOS:2836631758173464,US1248706B2
WOS:8453195804918040,US6307940B2
WOS:2649123107823271,US8768513B2
WOS:8248902808880330,US9794127B2
WOS:5697062565137995,US5306950B2
US3467162B2,WOS:1660645551416882
WOS:6989861634887620,US3547186B2
WOS:3930023362990683,US3997719B2
US8729451B2,WOS:5617940091631108
US6822909B2,WOS:4585460594052932
US6477892B2,WOS:4585460594052932
US5259778B2,WOS:5597109956821663
WOS:959067751620989,US4210705B2
WOS:3557093878290260,US5066597B2
WOS:1785260898691944,US1955695B2
US9609064B2,WOS:2125948584457730
US1086211B2,WOS:2125948584457730
US9859378B2,WOS:1026502085778202
WOS:4706871968338305,US9196265B2
US3487756B2,WOS:9200175831983520
US9583596B2,WOS:4243760641791283
US4210705B2,WOS:5354586786091016
US1102646B2,WOS:849783169323466
WOS:9366040180813022,US4522090B2
WOS:4585044811396453,US4752175B2
US6375311B2,WOS:3070211127464810
US6808731B2,WOS:3070211127464810
WOS:9040655687139634,US4743693B2
WOS:8731337779389724,US8296949B2
US4860233B2,WOS:3306098877011853
US7505737B2,WOS:5454292453453267
WOS:2446499015569664,US5098657B2
WOS:2885415526549133,US6133182B2
WOS:8241347285091701,US6133182B2
WOS:4528209011157862,US5301041B2
US3584289B2,WOS:9800498619735510
WOS:4289434160206349,US4150473B2
US9189508B2,WOS:6424969477070985
WOS:479228968206007,US5037641B2
WOS:206962092139727,US1563795B2
WOS:20819878279670,US1563795B2
WOS:3685359508857179,US5315641B2
WOS:7916704780038730,US4578721B2
WOS:7948486192785929,US2069934B2
WOS:1820732985131077,US4328095B2
US6775437B2,WOS:9406065172192658
US7620290B2,WOS:2659026412754075
US9099973B2,WOS:2455121408087442
WOS:2831907819761078,US1587600B2
US4513691B2,WOS:436604850138403
US8698544B2,WOS:7497046749859728
US8273573B2,WOS:9759711727039414
WOS:7164963415430575,US4915296B2
US4438671B2,WOS:6895884148487505
US2105991B2,WOS:2038148078796997
US4012905B2,WOS:8267758508321264
WOS:2619216810394564,US5054599B2
WOS:4224447421861861,US5908719B2
WOS:1879127400477147,US2553001B2
US2585823B2,WOS:6119712683148192
US8139326B2,WOS:9713786065980694
US8353574B2,WOS:4246384951024026
WOS:4518685213447183,US8121073B2
US9841248B2,WOS:4692533967580130
US2219672B2,WOS:5851342520407297
US3598602B2,WOS:9399614848521234
WOS:7821250279275389,US2968226B2
WOS:9487845680508556,US1676988B2
US1904375B2,WOS:9684199492177480
WOS:8194020399024035,US5696212B2
WOS:6972954663586130,US5696212B2
US2815623B2,WOS:4315283367714210
US6213541B2,WOS:2529632682520044
WOS:9456898725704984,US4071100B2
WOS:9524576512251390,US1040602B2
WOS:2542683561070568,US7688109B2
US1923494B2,WOS:282270169593777
WOS:3185190561034758,US1012367B2
WOS:908282130098532,US5715588B2
WOS:1655910568325773,US4833037B2
US6058450B2,WOS:3198390940231954
WOS:33281745038721,US4833037B2
WOS:1580198020460152,US5382038B2
WOS:8837752875491867,US4328592B2
WOS:6592633245272313,US3196589B2
US4106441B2,WOS:2159745895903912
WOS:9213150713403710,US4299884B2
WOS:950246055225682,US4299884B2
WOS:7153415245142882,US4299884B2
US7271372B2,WOS:8209741770580668
US3755493B2,WOS:290813072263968
WOS:9530305150933368,US8737387B2
US4097476B2,WOS:8660011179487459
WOS:5881687943973426,US3052157B2
WOS:3160891748532943,US6844241B2
WOS:1297900633522702,US1717698B2
US8763987B2,WOS:3606997225095735
US1525816B2,WOS:9291483674407844
US8485780B2,WOS:8515056617996428
US6327576B2,WOS:4193198763831529
WOS:5288553304550404,US4828295B2
US4449873B2,WOS:1159639728216433
US7234962B2,WOS:1159639728216433
US9522757B2,WOS:5272280009923436
WOS:7882705434370601,US3608061B2
US9150865B2,WOS:6397528742584854
WOS:6699073041878912,US1785810B2
WOS:5515866294001738,US3060739B2
WOS:663660821744855,US4589464B2
WOS:5336756682180778,US9829410B2
WOS:7036681543609285,US4229947B2
US8242881B2,WOS:7562108902980840
WOS:9905946157219656,US4266629B2
US6807365B2,WOS:7506884874555332
US7151847B2,WOS:8057539159958788
US4446450B2,WOS:4415622330931967
US3651878B2,WOS:5352681202697222
US7519824B2,WOS:3992798116631844
US7401646B2,WOS:4574203588577067
US4575277B2,WOS:8147656117549456
WOS:1155514474908411,US2634758B2
WOS:8621592421586489,US1882861B2
WOS:8898998792194600,US7150722B2
WOS:5836951463366353,US4508388B2
WOS:1351608873124916,US7467547B2
US7726594B2,WOS:4793815480171472
WOS:2815816478285289,US9120340B2
US5214223B2,WOS:4179995194762362
WOS:7803311079105653,US8893495B2
US9946136B2,WOS:8061357064963147
US7002909B2,WOS:1563503208294395
WOS:5529388572643460,US2375955B2
US7434379B2,WOS:6699888667955615
WOS:4713344206895910,US5244642B2
US2663963B2,WOS:6959645084773751
US4124912B2,WOS:7794434521219627
WOS:2674557986381662,US4773116B2
US2591182B2,WOS:7504479115588383
WOS:3004785990014236,US5659602B2
US9716900B2,WOS:1565845707570321
US5644931B2,WOS:4073212093333898
US8249825B2,WOS:2605320415951316
US4819632B2,WOS:2605320415951316
US3910637B2,WOS:6891647384784224
WOS:3537069215723491,US6297138B2
WOS:1278481091265238,US2348211B2
WOS:424753323485390,US4062986B2
US2533123B2,WOS:7613912785630546
US9825812B2,WOS:8515056617996428
WOS:3481945277102055,US3382475B2
WOS:4703368772967111,US2042316B2
US2817407B2,WOS:214142773588175
US3664669B2,WOS:3696895263985806
WOS:1986278780648204,US2414981B2
WOS:1696367535921462,US9891955B2
US8094274B2,WOS:8108080348494030
WOS:1315198873572830,US3430136B2
US4089786B2,WOS:8817635708525465
US7686339B2,WOS:8817635708525465
WOS:277976007273917,US3992771B2
WOS:6621381401904057,US9890704B2
US1768670B2,WOS:2635055516783330
US2629385B2,WOS:3147534408522820
US6354033B2,WOS:3073684038251332
WOS:6526768133904787,US1072297B2
WOS:4176120636616832,US6736109B2
WOS:6887274778248080,US1740328B2
WOS:1367748449667946,US3859328B2
US1742116B2,WOS:39786466141377
WOS:2409901788630000,US7081646B2
WOS:4714954594149350,US8905218B2
WOS:1943673146223825,US8607086B2
US5838364B2,WOS:9673643859297032
US3313817B2,WOS:2545432969386280
US8156995B2,WOS:6230290570341114
WOS:9749512581274786,US8579983B2
WOS:6779089466469202,US8579983B2
US4777860B2,WOS:3420120269988209
WOS:6805706949786064,US7083720B2
WOS:4574203588577067,US8992800B2
WOS:5689947492025794,US4074464B2
WOS:3242524991956987,US5002509B2
WOS:9959797874335680,US9302334B2
US6825600B2,WOS:9280445508727722
WOS:9901132337666664,US4553409B2
US5219463B2,WOS:2242462033361503
US7296138B2,WOS:9945218298218102
WOS:5194353332623208,US1557865B2
US6982299B2,WOS:9292677875624374
US8430884B2,WOS:1078452181708255
WOS:4050734075824736,US2675879B2
US2541391B2,WOS:4613493318997136
US5113529B2,WOS:7989809010736610
US4997533B2,WOS:7989809010736610
WOS:7504479115588383,US1923494B2
US9059668B2,WOS:248630254786607
US8988282B2,WOS:9630823110757982
US7338720B2,WOS:6993557110931417
US1161453B2,WOS:7323845862813089
WOS:5075592233638672,US7743231B2
WOS:5256821260219548,US8941345B2
US6046363B2,WOS:8814077635268116
US2049918B2,WOS:9250864281723572
US3697327B2,WOS:5767060300414643
US6630937B2,WOS:9516180733448000
US9126617B2,WOS:3780596276527585
WOS:9525039303761206,US7548808B2
US3953231B2,WOS:6630812762556013
WOS:9891188414883840,US2990621B2
US6735051B2,WOS:3489735914358178
US3826371B2,WOS:503238817569065
US7889684B2,WOS:9334041671000338
WOS:7230001664345256,US9642773B2
US8322003B2,WOS:285595812299127
WOS:6819122039745431,US8319055B2
WOS:2425132875754972,US7179842B2
US1543730B2,WOS:4350412860193376
WOS:5518741895090122,US4367287B2
US5997747B2,WOS:3337100834994810
US9020157B2,WOS:2552472107016242
US2766961B2,WOS:5859114962191559
WOS:7301733210056512,US5877980B2
US2054246B2,WOS:1742044824632198
US3947660B2,WOS:7234921652265120
WOS:3927222027087292,US4705021B2
WOS:4042459776375538,US6413390B2
WOS:3060798257814761,US7889684B2
WOS:7499536005340109,US1205910B2
WOS:5239555544296417,US1205910B2
WOS:6566443601650947,US1462788B2
US4541294B2,WOS:9154670193793760
WOS:240995160532996,US4013371B2
WOS:800880171040102,US3692883B2
WOS:1734785567420568,US6881062B2
WOS:808134006674200,US7432152B2
WOS:8632108419801289,US8527505B2
US7977738B2,WOS:9895775606519928
WOS:7304356425486797,US7467547B2
US7762546B2,WOS:4684367591985543
WOS:2978396480639652,US6657855B2
WOS:4676430661760253,US8002120B2
US9973419B2,WOS:1807524286390712
WOS:6146699783303725,US4815460B2
WOS:2712145465938736,US9387255B2
WOS:8020831616813063,US2029002B2
US9262988B2,WOS:2455121408087442
WOS:39786466141377,US6696764B2
US3010458B2,WOS:3433438415851616
WOS:8192259926748454,US8848906B2
WOS:6696606255370312,US6187451B2
WOS:6313586402395459,US4468960B2
US6307940B2,WOS:1186178756212655
US2925419B2,WOS:5270939033100130
WOS:2173933592068684,US6907566B2
WOS:7940357479143915,US6907566B2
US4317346B2,WOS:3055898315303444
WOS:6733886288749243,US3087413B2
WOS:5429485305425982,US4752062B2
US2264050B2,WOS:3260519722118023
WOS:871397960777667,US4894890B2
WOS:3660694610423814,US8855613B2
US9850297B2,WOS:7662567243303742
US2697781B2,WOS:378889367165962
US5585648B2,WOS:2919930462672994
US6232415B2,WOS:7893551186166496
US5961689B2,WOS:2408379853543990
US3271557B2,WOS:7971426713385027
US3143207B2,WOS:9411880537513956
US3736652B2,WOS:918078949427406
US7542518B2,WOS:5027282067857548
US6675828B2,WOS:2914112270935784
WOS:9735537714949714,US5718582B2
US1347738B2,WOS:9833167048885810
US7002660B2,WOS:6766951658166858
US6339531B2,WOS:5216501108917791
US4171934B2,WOS:2409603429269364
US6566633B2,WOS:6045340625130027
WOS:6594540104459549,US4971121B2
WOS:1954766918704667,US2153645B2
WOS:918078949427406,US4953466B2
WOS:6682026214738384,US9495911B2
US2509293B2,WOS:2730137238461811
WOS:1432128410502912,US6160205B2
US1998254B2,WOS:2730137238461811
WOS:2448629708131678,US1412827B2
US3860166B2,WOS:9405638086228100
WOS:2534438825429754,US8485780B2
US1407609B2,WOS:1159630282411805
US2443062B2,WOS:3130857027209963
WOS:8577090608123306,US5561540B2
US4037067B2,WOS:6342275839689940
US9568964B2,WOS:9406033208062592
WOS:9703776488745556,US3300940B2
US1580949B2,WOS:9525039303761206
US6663843B2,WOS:2064907993047108
US6617112B2,WOS:2064907993047108
WOS:3855866819397033,US6726746B2
WOS:6581086704083973,US7208902B2
US9069863B2,WOS:7028599541801037
WOS:8156958283626708,US5654192B2
US9499998B2,WOS:7540483750172098
US1519937B2,WOS:9407362966265964
WOS:1540086533093719,US6541628B2
US1686185B2,WOS:8429831989534079
US1710525B2,WOS:2416735831384275
US7809100B2,WOS:3652637612108059
WOS:3825212189244910,US1067172B2
WOS:912147211094313,US5861799B2
WOS:3438596455527623,US1600271B2
WOS:9276024152196946,US5923004B2
US6730077B2,WOS:3489735914358178
WOS:6065824269346048,US6290049B2
WOS:5400237823561259,US6290049B2
US2393269B2,WOS:7591523095940357
WOS:4222211415939450,US7602952B2
WOS:5824019835454674,US8669116B2
US3365137B2,WOS:5203248044240407
WOS:4197755760275556,US9853351B2
WOS:1860803195992971,US8629462B2
US9366207B2,WOS:9177306253575696
WOS:3674752594463074,US9430288B2
WOS:3288750319748838,US9803595B2
US5638868B2,WOS:4756516965170049
US9611339B2,WOS:7888319229370925
US9280705B2,WOS:3374098983465570
WOS:2460708277032907,US5512835B2
US4356615B2,WOS:5513566048705753
WOS:3319743399654659,US4431976B2
WOS:7567146983761696,US9110540B2
WOS:2225718378978286,US5612433B2
WOS:5271579569697413,US5612433B2
WOS:8984933946893622,US4232307B2
US8361741B2,WOS:8255245749712945
US1823174B2,WOS:7119737836048033
WOS:3379622839100202,US5372294B2
WOS:5725575212447076,US9238239B2
WOS:2951807841770396,US9396147B2
WOS:1751849853424155,US3833911B2
US9466583B2,WOS:471487531305891
US7048823B2,WOS:3167183702443606
WOS:1373787390447363,US3906891B2
WOS:6459060264106087,US2754804B2
WOS:6707257286353212,US9543451B2
US6848672B2,WOS:9588761081155912
WOS:3300008549149262,US5681045B2
US3252802B2,WOS:1495343521139992
US3220938B2,WOS:7527881008918657
US4871705B2,WOS:1495343521139992
WOS:1987903165147622,US9813544B2
US4949597B2,WOS:179470048787527
US1187877B2,WOS:2816874564533355
US6611725B2,WOS:7807258061122747
US2106095B2,WOS:2762400500162860
US9696535B2,WOS:2762400500162860
US3898144B2,WOS:9903403610764974
WOS:8829530981047116,US6440026B2
US8356069B2,WOS:7679807493588350
US2797921B2,WOS:7679807493588350
US9522757B2,WOS:2386583006087553
US4055421B2,WOS:510542894672569
US6987350B2,WOS:5147547129783285
US8547645B2,WOS:3731431469926378
WOS:4184029782712743,US9534146B2
US2366948B2,WOS:1067068182632414
WOS:226454862960712,US5216639B2
WOS:6437830270675332,US2951802B2
US7901914B2,WOS:6992831273682489
WOS:8554702238872184,US7354067B2
US6646581B2,WOS:6809578074884024
US4700632B2,WOS:8636885913234498
US8271759B2,WOS:2644110607219382
US8489446B2,WOS:2644110607219382
US6038277B2,WOS:3808380475193221
US1934308B2,WOS:5059922408282484
WOS:179470048787527,US2638331B2
US8305617B2,WOS:5271055337847377
US6766605B2,WOS:3599581294776748
WOS:9599478690492894,US1566562B2
US8598908B2,WOS:5513268115334971
WOS:7938401473480171,US5861223B2
WOS:5827336255062524,US5861223B2
WOS:3625068591144637,US9033839B2
WOS:7145507637152217,US2976133B2
US9008550B2,WOS:1926491840945776
US6490263B2,WOS:404566730070083
US1899814B2,WOS:3470748689904716
WOS:105168913059453,US3697381B2
US5082195B2,WOS:7638392299140083
US9800671B2,WOS:8703431852771266
WOS:4663854946062483,US4407108B2
US3038566B2,WOS:7257369343029458
US6730077B2,WOS:7075765664942771
US7260709B2,WOS:5147356773417529
US2702183B2,WOS:5216501108917791
US9568299B2,WOS:6280502452144434
WOS:8434671220629633,US9205204B2
WOS:1009702929871930,US1516188B2
WOS:1007524081811371,US3713221B2
WOS:8449929390886821,US7629983B2
WOS:2744373324649313,US8200179B2
WOS:229520972995781,US5979913B2
US6541737B2,WOS:1944083687273153
US8636042B2,WOS:7618481865260405
US1571451B2,WOS:1383252137227005
WOS:6722204450592592,US8591697B2
WOS:5267330012897957,US4740698B2
WOS:8140107151159128,US8969844B2
US5696212B2,WOS:1704390034099994
US3522974B2,WOS:5262895297847246
US1289086B2,WOS:8041118809734623
WOS:842213578696182,US2944732B2
WOS:9961212445203194,US2944732B2
WOS:5599516760623666,US2328147B2
WOS:949267367265194,US6566633B2
US6767282B2,WOS:2295008027914257
US3870646B2,WOS:4980988039307341
WOS:5229315073493997,US4776064B2
WOS:3049389991640022,US4706111B2
WOS:5959086957814877,US4706111B2
WOS:266960113191655,US6588804B2
US1011784B2,WOS:5402266600867018
US9306754B2,WOS:2477399933293374
WOS:4351231409519027,US5271199B2
WOS:6753083878814081,US5029141B2
WOS:3130857027209963,US8737407B2
WOS:1840359436122352,US4901365B2
WOS:1820732985131077,US9030590B2
WOS:7003755475051486,US4370457B2
US9732502B2,WOS:1686949164671008
WOS:739327048717747,US6983999B2
US9049184B2,WOS:4361432073321479
US1526596B2,WOS:6390537296189691
US2246720B2,WOS:6390537296189691
WOS:7298173715946240,US1677855B2
WOS:9516180733448000,US3961593B2
WOS:2545432969386280,US1051986B2
US6979879B2,WOS:908282130098532
US8718481B2,WOS:5798659187071635
WOS:2730137238461811,US7539379B2
US2235943B2,WOS:4233315457155665
WOS:9599478690492894,US3680984B2
WOS:1663327775013183,US8936079B2
US6182417B2,WOS:490843302605547
WOS:1809983108981643,US8016940B2
US1291237B2,WOS:8050549278799197
US8901690B2,WOS:3997886580666530
US1510849B2,WOS:3997886580666530
US1075136B2,WOS:318731934565714
WOS:9690696969719644,US1973825B2
WOS:8577090608123306,US8612552B2
US2533471B2,WOS:4034422530646195
WOS:2202666181951447,US4580902B2
WOS:1853706279135335,US4022052B2
US9568272B2,WOS:6059085812165931
WOS:8175687521712959,US9489617B2
US5649739B2,WOS:295606608965166
US2738312B2,WOS:295606608965166
US8866899B2,WOS:2717111476840547
WOS:8149268742701207,US4760700B2
WOS:7621116242959101,US6612044B2
US6330226B2,WOS:3884134646764490
WOS:4394965755874203,US9542112B2
US8396818B2,WOS:698878349201306
US3988326B2,WOS:5247018856518821
US8927458B2,WOS:5247018856518821
WOS:7973534405197816,US7420269B2
WOS:2070695374057313,US2302478B2
WOS:5093124024512737,US6860341B2
US4317346B2,WOS:2174552878180640
WOS:945233236191374,US8310587B2
US4570024B2,WOS:2488457393613386
US7834029B2,WOS:8945562137182226
US7523805B2,WOS:4297982220435254
US9324496B2,WOS:4297982220435254
WOS:8064759170720294,US3531720B2
US9901037B2,WOS:47434996583020
US7395028B2,WOS:953028668877710
WOS:2762400500162860,US9969023B2
US9991733B2,WOS:5033467902083332
US5334876B2,WOS:1819712846369403
US4704887B2,WOS:6670214301348691
WOS:1872616744086670,US5219465B2
US5272582B2,WOS:8728512748227642
WOS:1159025350482215,US8064844B2
US7244267B2,WOS:4692672982987286
WOS:86325328919518,US1336450B2
WOS:6640543495362282,US7299522B2
US2618478B2,WOS:3385074363859826
WOS:4358628101995986,US3767586B2
WOS:6026762346183778,US2585789B2
WOS:1697853884959621,US2585789B2
US7697206B2,WOS:8633108730982680
US5295174B2,WOS:9262373226255854
US8408677B2,WOS:3102427434974482
WOS:2270570531041439,US6356374B2
US5582794B2,WOS:683085014049587
US2993344B2,WOS:4717101857701446
WOS:8829530981047116,US6139605B2
WOS:8701839244096689,US1390679B2
WOS:7498242251071216,US1098497B2
WOS:2366946797452390,US4079708B2
WOS:1244024474767681,US2771203B2
US7077065B2,WOS:8899382382076690
WOS:7504479115588383,US7211326B2
WOS:3690210643746849,US3844961B2
WOS:4791722866136405,US7377656B2
US6969207B2,WOS:3239040944926792
US7468726B2,WOS:7636761142248329
US5408662B2,WOS:3737449720313513
WOS:3368300269856338,US5998829B2
WOS:6529203738439646,US5157711B2
US7969971B2,WOS:61046604641858
WOS:4729042378966413,US3673323B2
US4097863B2,WOS:2213168562166668
US8369539B2,WOS:2213168562166668
US3365079B2,WOS:2134478023550909
US3513932B2,WOS:8086721794297812
WOS:5343942970573721,US3676717B2
US2503794B2,WOS:7723293374582658
WOS:3758439180682252,US4502838B2
WOS:6960875247003066,US4502838B2
US3888263B2,WOS:3583597927854042
WOS:468909951824632,US5610943B2
US8378001B2,WOS:1642012503968518
US6084773B2,WOS:4399819536802245
WOS:8241347285091701,US9110784B2
US6290339B2,WOS:7858665107578005
WOS:4504083876223870,US3165931B2
WOS:318731934565714,US8265625B2
US2327406B2,WOS:9467656866186052
US7305588B2,WOS:9467656866186052
WOS:3392426651301448,US4033078B2
US4599499B2,WOS:7091822253767485
US2636092B2,WOS:3485361797928696
US4208946B2,WOS:3485361797928696
US4860784B2,WOS:9792994106469374
US1277284B2,WOS:8740290736869657
WOS:3438747822862878,US9600426B2
WOS:1600670414533179,US6125801B2
WOS:4937877474842169,US1182040B2
US2884093B2,WOS:3956485003266386
US2698236B2,WOS:2628505168572409
US2585789B2,WOS:9719511313782148
WOS:5419313962479900,US8278897B2
WOS:5111704682683750,US9145464B2
WOS:3168696623937594,US2485219B2
US3529600B2,WOS:3997972219852228
US6163100B2,WOS:3655492558235546
WOS:7965755549097934,US6125801B2
US9154165B2,WOS:1557975261856294
WOS:35511290708070,US6863382B2
WOS:1983473719250985,US6863382B2
WOS:970556724569438,US6863382B2
US3462454B2,WOS:3342090860943294
US4449873B2,WOS:7234921652265120
US8839992B2,WOS:9703776488745556
US5654192B2,WOS:5583373076135801
WOS:9213150713403710,US6702288B2
WOS:7235970163871741,US2366245B2
WOS:2344247606684394,US3675188B2
US3218001B2,WOS:6293023489904531
US1232124B2,WOS:8147656117549456
US3645082B2,WOS:5873674336888359
US4307867B2,WOS:5873674336888359
US9489617B2,WOS:5873674336888359
US8438476B2,WOS:6782703353290842
US4309344B2,WOS:2247409763591426
WOS:3435805087272264,US6013847B2
WOS:8392243545161598,US8872061B2
US2326889B2,WOS:9945250131974796
US4768360B2,WOS:3064469440372948
WOS:6853958230414576,US1094447B2
WOS:8886057315292128,US3322929B2
WOS:2227642432483525,US7354101B2
WOS:3956485003266386,US7353782B2
WOS:20819878279670,US8094759B2
US3960336B2,WOS:6221066282929130
US3308686B2,WOS:807292231753655
WOS:105168913059453,US2672194B2
US3371832B2,WOS:8818650466723467
WOS:3116410004245527,US3320785B2
WOS:1651518637187828,US9880328B2
US9455945B2,WOS:1694245637411368
US3898033B2,WOS:3018045450519137
WOS:9874569915585428,US2656264B2
US5301041B2,WOS:8166215984094042
WOS:1487799501925476,US7999805B2
US5000639B2,WOS:6449867820829352
US2997685B2,WOS:8302723581580344
US2758844B2,WOS:5934107404814587
US4558248B2,WOS:5145251501224008
WOS:267569513830324,US4165467B2
WOS:6220280363503480,US6834478B2
US6714513B2,WOS:9608429232324302
US9969023B2,WOS:2520811492327479
US9453456B2,WOS:6837840580320857
US8394486B2,WOS:6837840580320857
US8968570B2,WOS:9288349199748752
US6518502B2,WOS:9288349199748752
US9027564B2,WOS:2043600445055825
WOS:9102000554248514,US4779438B2
WOS:737628530793486,US7838810B2
WOS:8056202486609730,US6333745B2
WOS:7637433736189480,US5170317B2
US7976056B2,WOS:9113934225185446
WOS:5493802501221142,US5078359B2
US4763091B2,WOS:8079276271815648
WOS:5529388572643460,US1232124B2
US3002059B2,WOS:6514282976537672
US5892196B2,WOS:6280502452144434
WOS:320486238612746,US6441894B2
WOS:1487799501925476,US3565243B2
US4768360B2,WOS:65830757014793
US2695968B2,WOS:1913662504747794
US4022409B2,WOS:3256821881654665
WOS:1011715971345210,US4531941B2
WOS:1194217386610257,US4033078B2
WOS:7478619678843493,US3085548B2
WOS:4710584182703035,US8727416B2
WOS:7691545696986092,US3816308B2
WOS:950246055225682,US8727416B2
WOS:7022737992740174,US8727416B2
WOS:7085128986973859,US8183444B2
US7450868B2,WOS:2848291626778401
US4026048B2,WOS:3752774809938552
US6750186B2,WOS:1081591724365271
WOS:5239555544296417,US4747868B2
US8917054B2,WOS:6528662528392855
US7684533B2,WOS:6070240091721679
US4254340B2,WOS:7972923655321003
US1712000B2,WOS:2043439055856473
WOS:7709278504250264,US1572420B2
WOS:1243728310895284,US9205874B2
WOS:1410569610855899,US8052149B2
WOS:1536900181149178,US2707654B2
US7539379B2,WOS:7416026068620049
WOS:7227766168146652,US1772356B2
WOS:3983027897643900,US9413134B2
WOS:7108014714729112,US5136525B2
US6950605B2,WOS:8043034513859496
US1161633B2,WOS:2389776043147024
US6734723B2,WOS:704906486030083
US1566609B2,WOS:704906486030083
WOS:5419313962479900,US5526571B2
WOS:5772175755746682,US5526571B2
WOS:6856469411036706,US5526571B2
US4888130B2,WOS:3627189179361345
WOS:8089873054507881,US4344243B2
WOS:6431433515912861,US5825390B2
WOS:1196116063086662,US2933606B2
WOS:3256780251899151,US2035763B2
US5325179B2,WOS:2850825497018357
US2652277B2,WOS:7840886283279785
US1583749B2,WOS:3392476617575488
US6360789B2,WOS:6449867820829352
US5382038B2,WOS:1274052198982211
WOS:9599478690492894,US7249159B2
US2291131B2,WOS:315025111102290
US5813163B2,WOS:1966821908629689
WOS:1544647437127623,US3931457B2
WOS:9842645938017338,US3931457B2
US2294350B2,WOS:9174448287615672
WOS:3752927105065050,US5244642B2
US2812860B2,WOS:5560749981728824
WOS:2600352563556296,US4935195B2
US5051895B2,WOS:5147356773417529
US2949272B2,WOS:2830546828725367
US6629521B2,WOS:7875193306528061
WOS:8477516321632314,US2060774B2
US4791262B2,WOS:3659524483147481
US3915648B2,WOS:3659524483147481
WOS:2472508693891709,US8202590B2
US7518376B2,WOS:6742036276797708
WOS:7948486192785929,US1570809B2
WOS:1989902652723046,US9438104B2
WOS:3864087741685980,US4402495B2
WOS:4001949406107196,US2448637B2
WOS:7528960933800427,US3997719B2
WOS:1453363213444551,US8839239B2
WOS:5462002118008687,US7884716B2
US5258966B2,WOS:6151930259866698
US7601961B2,WOS:6151930259866698
US8583811B2,WOS:8928166662236665
US1085108B2,WOS:6350050787154916
WOS:6216360432774833,US4033689B2
WOS:8637012767624041,US3013358B2
WOS:9056419813298644,US1512720B2
WOS:6703975463186724,US1512720B2
US4298328B2,WOS:4403857755499551
US4878458B2,WOS:7768047108364820
US9964019B2,WOS:7768047108364820
US9568299B2,WOS:6836401921941245
US1218630B2,WOS:9646165740983434
WOS:1321067199884199,US7902839B2
US7305588B2,WOS:30445207915423
WOS:6648373067802407,US9480265B2
WOS:9721285892067710,US2665151B2
US2609077B2,WOS:8751801417630584
US4819180B2,WOS:7184915158933723
WOS:7594935209442895,US5400476B2
WOS:8346733139896760,US9415760B2
WOS:3610815715906587,US9415760B2
US3568635B2,WOS:6339979758456593
US3194126B2,WOS:6339979758456593
US5803280B2,WOS:941141987561701
US6502687B2,WOS:5790956261240516
WOS:2951807841770396,US7338295B2
WOS:5186127943109314,US6396799B2
WOS:9130528063033704,US3840969B2
WOS:8660011179487459,US6665519B2
WOS:1086584741874852,US5783697B2
WOS:419135211518017,US5783697B2
WOS:3582260711181196,US7238676B2
US2210900B2,WOS:1781366711039534
WOS:3452251755446404,US1919434B2
WOS:1168072826898785,US1044035B2
WOS:2198181503128823,US1884880B2
US2694512B2,WOS:5851082797672237
WOS:4691669967247345,US9378650B2
WOS:4120768854293725,US9436577B2
WOS:6126227653106060,US3081434B2
US2472234B2,WOS:1995507303504162
US1778571B2,WOS:6455042877751235
US9074801B2,WOS:7770458992792773
US7905681B2,WOS:2519339991555857
WOS:9392745457309140,US1571223B2
WOS:6566443601650947,US1433726B2
US5378737B2,WOS:2919132015686532
US4053105B2,WOS:2711715818049657
US1526596B2,WOS:6428694034955395
US9878831B2,WOS:6428694034955395
US8512311B2,WOS:8872675756452331
US5254248B2,WOS:7739920728549631
WOS:7298173715946240,US7299522B2
US9542112B2,WOS:1120492954806536
US3860166B2,WOS:5871689987131275
WOS:4094711657283509,US9339919B2
US5507717B2,WOS:6828052574835087
WOS:5287536406580327,US2874362B2
US6099001B2,WOS:5059922408282484
US4623385B2,WOS:252566876184267
WOS:6203908751801752,US4007234B2
WOS:4766124830823864,US6749598B2
US7719552B2,WOS:1310176336824157
US2591182B2,WOS:5489865354221660
WOS:3634227985946535,US1587600B2
US3020068B2,WOS:5801315183752761
WOS:4246384951024026,US7778335B2
US7875744B2,WOS:1192750448587344
US2949546B2,WOS:9888090444147156
US1455679B2,WOS:9888090444147156
WOS:4037329553620694,US2708313B2
WOS:507069640746041,US6752552B2
WOS:7235970163871741,US8441220B2
WOS:419135211518017,US8441220B2
US2738011B2,WOS:3026302233780475
US6542338B2,WOS:1193787293893993
WOS:2807285901967111,US8249123B2
US8709022B2,WOS:5214483245057429
WOS:563714855124592,US9669091B2
US4238418B2,WOS:1985161251172917
WOS:191274941460406,US1059917B2
WOS:293692725662486,US1876177B2
WOS:6960875247003066,US7777679B2
US5470128B2,WOS:8580731731996125
US2492417B2,WOS:2066125772944654
US7146119B2,WOS:9783196798958598
US9411868B2,WOS:9783196798958598
WOS:6188012807908531,US6562630B2
US4241330B2,WOS:4555346684183740
WOS:6571076754061991,US3472168B2
US4513691B2,WOS:7731635166320095
WOS:6452159138644888,US4251253B2
US4344218B2,WOS:2327792006724436
WOS:4600549455349837,US1896948B2
US1414391B2,WOS:4208926225139127
WOS:4704477325281961,US5726535B2
WOS:1188864422378942,US2128010B2
WOS:5005518854768534,US7263299B2
US5663229B2,WOS:2807608779472808
US9221607B2,WOS:7970124744707972
WOS:969012009977309,US7919349B2
US5656735B2,WOS:517416364687973
US5832715B2,WOS:818481289710136
WOS:4692533967580130,US1858925B2
US1843285B2,WOS:8666021495215930
WOS:3256821881654665,US9486646B2
WOS:8860509497671669,US6853651B2
WOS:9945250131974796,US6297138B2
US9448206B2,WOS:7542243732975458
US1648551B2,WOS:6243599951705426
WOS:9945356376582198,US5145699B2
WOS:6963235404086897,US5936042B2
US4210539B2,WOS:5078696563094344
US7945249B2,WOS:4104641004818343
US6448417B2,WOS:8429270568954938
US6714761B2,WOS:6976514366367805
US1097829B2,WOS:248630254786607
US4560841B2,WOS:2711715818049657
US8292008B2,WOS:2632375899276678
WOS:8457677868745769,US5844743B2
US7413908B2,WOS:1608830691939991
US1829706B2,WOS:4871442252620802
WOS:389506291211565,US4661021B2
US2738870B2,WOS:4763400654702574
US7886107B2,WOS:7946125006627613
US5282015B2,WOS:6760297324400296
WOS:8825910630816109,US2468667B2
WOS:6251514301320813,US2806317B2
US9200735B2,WOS:1153155433764034
US7039915B2,WOS:3497222804825821
WOS:6293023489904531,US1232124B2
US9231544B2,WOS:4243559843579808
US9496877B2,WOS:4243559843579808
WOS:6692411921096206,US2412559B2
WOS:8539390148860996,US7251629B2
WOS:2236580575677175,US6234393B2
US1716944B2,WOS:3474659457954440
US2817407B2,WOS:3725213685743727
WOS:1000995181567625,US8051277B2
WOS:1965038412371836,US6819013B2
US4135682B2,WOS:4842519633583446
US5671078B2,WOS:2467632083308311
US4700632B2,WOS:2467632083308311
US2698236B2,WOS:6045340625130027
US2393269B2,WOS:4817869089071282
WOS:7129303906936114,US5634405B2
WOS:2167692955177312,US1788524B2
US4648234B2,WOS:1833473176520805
WOS:3342090860943294,US2107614B2
US9973419B2,WOS:4104641004818343
US8934673B2,WOS:9415974217864910
WOS:6550931325061355,US3137549B2
US5004907B2,WOS:9492804242531590
US7825334B2,WOS:5056606879389548
WOS:4632191003700598,US1641917B2
WOS:3049389991640022,US2694512B2
WOS:8400355111660948,US1640860B2
WOS:3855866819397033,US4182273B2
WOS:6491013218685305,US2933606B2
US8709022B2,WOS:9308082560112574
WOS:3062687932267325,US7811313B2
US8701226B2,WOS:7970803053462743
US4541294B2,WOS:4550095413741175
US1437744B2,WOS:2030361135595097
US3387815B2,WOS:2726384788607758
WOS:8494431932083578,US1317751B2
WOS:2356158150114048,US9818065B2
WOS:6273918531910556,US1317751B2
WOS:8987609731863262,US3808350B2
WOS:5489865354221660,US3004044B2
US7580898B2,WOS:7638392299140083
WOS:1101937660679854,US4012325B2
WOS:1775409929726851,US1772356B2
WOS:6172626896952154,US7317446B2
US6307940B2,WOS:8302723581580344
WOS:9793465548467480,US1902328B2
WOS:2817436846535077,US8055992B2
WOS:6621475019147640,US5708810B2
WOS:9509355418949080,US1237028B2
US8830762B2,WOS:761185041715666
US3423423B2,WOS:182936436632361
US9453456B2,WOS:8450436865899544
WOS:5680841693279161,US3167247B2
US6863382B2,WOS:8963853381021431
US4321454B2,WOS:3320477168546648
US4766659B2,WOS:1717967566464347
WOS:6757666192744158,US4480293B2
US3513932B2,WOS:2831061718002087
US9284626B2,WOS:8209052924519889
US9879303B2,WOS:9025140788059676
US6375311B2,WOS:448883947842585
WOS:2472508693891709,US3140669B2
WOS:9379595158669700,US8170253B2
WOS:1147199341903441,US3318598B2
WOS:8962867300277332,US3318598B2
US2042316B2,WOS:3947019163728729
US3387815B2,WOS:3947019163728729
WOS:1951464627748079,US7719552B2
WOS:7572172979385428,US7719552B2
US2456138B2,WOS:1027614130342569
US9617355B2,WOS:100859476147303
WOS:1743444387634707,US8696698B2
US6371862B2,WOS:100859476147303
WOS:2148058072699664,US2752213B2
WOS:3906193519057059,US1934308B2
WOS:9626973905073888,US1934308B2
US8400103B2,WOS:8005323088262711
US9221607B2,WOS:8005323088262711
US5866810B2,WOS:9335703993609844
US3194126B2,WOS:1310176336824157
US5670683B2,WOS:6853958230414576
US1644941B2,WOS:6853958230414576
WOS:697703464941896,US1590435B2
WOS:517416364687973,US2653397B2
WOS:468116510118379,US3607201B2
WOS:1689165514361387,US3607201B2
US7752624B2,WOS:8781604662151351
US8580970B2,WOS:8743313928841999
US3956625B2,WOS:8489315275743570
WOS:4007257149236717,US6254793B2
WOS:190711014440835,US6254793B2
US3629599B2,WOS:2950817125207066
US8697109B2,WOS:2950817125207066
US6944894B2,WOS:3141957887595882
US5639608B2,WOS:4849125349113325
US2587574B2,WOS:4849125349113325
US8540668B2,WOS:5338439038996759
US2656264B2,WOS:1259417009376179
WOS:1196116063086662,US8780456B2
US5166350B2,WOS:4936820552332273
US3430572B2,WOS:4936820552332273
WOS:771335179712001,US9136841B2
WOS:6594540104459549,US3690392B2
US4606229B2,WOS:8054350625649225
US8835200B2,WOS:8054350625649225
WOS:7594935209442895,US2105803B2
US5644931B2,WOS:8511711879940193
US3227449B2,WOS:4361432073321479
WOS:2597105744974472,US8707013B2
WOS:162114318524599,US3640315B2
US9026526B2,WOS:5681387812396849
WOS:2446499015569664,US9350994B2
WOS:8199586143761404,US8610031B2
US2822715B2,WOS:7735237762695511
WOS:2700426719684838,US5376439B2
WOS:6381418494044567,US5376439B2
US4356615B2,WOS:6148738765585224
WOS:2198181503128823,US2412559B2
US6799725B2,WOS:6527133587073364
US2113249B2,WOS:282270169593777
WOS:6932227548826547,US3020065B2
WOS:33281745038721,US3137690B2
US4615887B2,WOS:8670965908180718
WOS:5962806191924970,US6716127B2
WOS:4979971551423567,US7307508B2
US7927946B2,WOS:8003793103883249
US9455945B2,WOS:8697681526330769
US9994109B2,WOS:3784048947273438
US7523805B2,WOS:415597613229102
WOS:677000194535692,US5360659B2
WOS:1904809937128847,US2196579B2
WOS:5275498922756589,US2023222B2
WOS:2730224505893818,US1580949B2
WOS:4703368772967111,US6246574B2
WOS:8697681526330769,US6246574B2
WOS:5419313962479900,US5018907B2
WOS:9835898484416892,US5018907B2
WOS:7739052958873545,US5018907B2
US8689641B2,WOS:8995972873850184
US2375519B2,WOS:6695862102513545
US3676717B2,WOS:6695862102513545
US2465037B2,WOS:6695862102513545
US7450868B2,WOS:8872675756452331
WOS:7832335067114790,US7151847B2
US1611233B2,WOS:3824779528449882
WOS:584943820696920,US6357695B2
WOS:269093703140172,US6529096B2
WOS:1995297314931093,US1516188B2
WOS:7256878099980095,US9094316B2
US8064844B2,WOS:4020043947394153
US7684904B2,WOS:4020043947394153
US5337605B2,WOS:9993285573440096
WOS:4555965086568645,US4033078B2
US9079430B2,WOS:9834997272372900
WOS:3279442253273741,US1307401B2
US5428069B2,WOS:236981712573002
US8591697B2,WOS:750796082726538
US3837152B2,WOS:53510245023876
US8007347B2,WOS:4650616645033272
US6450108B2,WOS:3841378984502410
WOS:6915526849819658,US2570054B2
WOS:8346733139896760,US2181073B2
WOS:1237474597005889,US7398041B2
WOS:9759711727039414,US3964791B2
WOS:3227277355131507,US5324868B2
WOS:4675779954973287,US2651101B2
US9021050B2,WOS:8339526916705719
US9305120B2,WOS:6485956812484874
US9314739B2,WOS:5924672612104895
WOS:4580079336169024,US5082195B2
WOS:9487845680508556,US7370100B2
WOS:2994457204093286,US7370100B2
WOS:7624169386405907,US3013358B2
US5408935B2,WOS:129121066841994
WOS:411163745885159,US4045689B2
US4041727B2,WOS:9334690432628374
WOS:4079316427431376,US3723293B2
WOS:678574613548360,US3723293B2
WOS:6155227991184356,US3723791B2
WOS:1821635191133827,US2652277B2
WOS:6271327205303903,US1389624B2
WOS:3004785990014236,US2959266B2
WOS:1935286856108020,US2818120B2
US6232415B2,WOS:2703057144437404
US3814895B2,WOS:7543650426509664
WOS:8594535383585046,US3487756B2
US4357776B2,WOS:9421190052743634
US7136384B2,WOS:1281385308018257
US1526596B2,WOS:406120077167028
WOS:9299976465483564,US3763662B2
WOS:9337119845465536,US8059446B2
WOS:4442028017789214,US5973619B2
WOS:6809036376857404,US6361222B2
WOS:4139580645159520,US4689855B2
US3074662B2,WOS:7298868045778440
WOS:989596951351796,US8507768B2
WOS:8839227089101376,US4740698B2
US3931457B2,WOS:176662158244659
US9698256B2,WOS:3702772488019284
US8411165B2,WOS:3702772488019284
WOS:1785260898691944,US7855941B2
WOS:638745286004177,US7785025B2
WOS:5575397256090912,US6845460B2
US7719552B2,WOS:2230786399625189
WOS:4993906166213583,US5256325B2
US3668045B2,WOS:6080867387562107
US6046363B2,WOS:4704477325281961
WOS:4261352612919109,US7709672B2
US4588816B2,WOS:9267456122605744
WOS:7994115737606819,US3478670B2
US9326022B2,WOS:1765318969257653
US5930447B2,WOS:8740290736869657
US9674549B2,WOS:1733761917400412
US4871705B2,WOS:1733761917400412
US4715961B2,WOS:3959475343729623
WOS:7850736783938540,US7501014B2
US9020157B2,WOS:176288348435186
WOS:1925631334616082,US5583913B2
WOS:4354676838065403,US7907717B2
WOS:6202523543690510,US5768704B2
WOS:7530901102078435,US9838026B2
US2993547B2,WOS:4663760672708969
US3104798B2,WOS:6971126358022669
US5871249B2,WOS:6744623248844147
US4125897B2,WOS:3958661223349519
US6027628B2,WOS:6515206223492436
WOS:8156734332821326,US3090990B2
WOS:9112251253331912,US3090990B2
US9104324B2,WOS:100837100074367
WOS:2141997852289385,US6779478B2
WOS:7910899089281794,US6677695B2
WOS:2997597922639343,US1672892B2
WOS:3838287909816697,US1094447B2
WOS:2877728876898669,US2220103B2
WOS:842213578696182,US9794875B2
WOS:9200877141995942,US2448484B2
US4053105B2,WOS:2446410405952086
US8616998B2,WOS:8869219592818180
WOS:8621592421586489,US2905932B2
WOS:931551069397145,US8053406B2
US9189508B2,WOS:6441135745749802
US9059668B2,WOS:7341567935218009
US4589371B2,WOS:6581086704083973
US2959279B2,WOS:6581086704083973
WOS:1925737329387758,US4357152B2
WOS:3189053861477908,US3086119B2
WOS:6891219862091452,US7679333B2
WOS:6703975463186724,US7679333B2
WOS:7984051090309569,US3986801B2
US8555957B2,WOS:6760221946292285
US1774539B2,WOS:6807505022467632
WOS:2581327984810593,US4248347B2
US4578721B2,WOS:5386584995619061
US6620543B2,WOS:5386584995619061
US6207041B2,WOS:6545047372237634
WOS:5210159912527977,US2875049B2
WOS:3180575218281139,US7852356B2
WOS:7281071525883970,US4008533B2
US3906891B2,WOS:2209393530083974
US8859526B2,WOS:2209393530083974
US1014295B2,WOS:1147033059715726
US9800709B2,WOS:501023034640023
US4354202B2,WOS:501023034640023
US3101203B2,WOS:8834034635958160
US3622366B2,WOS:3602807553308292
WOS:2885415526549133,US4407525B2
WOS:6013789066966989,US4407525B2
WOS:5797958124446150,US6639064B2
US2892385B2,WOS:5607588193444431
US4370457B2,WOS:5607588193444431
WOS:231320317782365,US6791629B2
US1992158B2,WOS:9207754951413804
US8043087B2,WOS:9890650250623858
US7225109B2,WOS:9677970454541026
WOS:4334507394584226,US7373289B2
WOS:4196476481046325,US7373289B2
WOS:2553902940909449,US4350241B2
WOS:9886017735732220,US2628621B2
US7919349B2,WOS:6556443859393644
US2834972B2,WOS:6556443859393644
WOS:2257959357310634,US5099777B2
US4232354B2,WOS:7717747382066388
WOS:8527056034061709,US5760214B2
WOS:1821635191133827,US4892151B2
US4706418B2,WOS:4890749158839403
WOS:3430047853551251,US1087074B2
WOS:3430131471008870,US7156257B2
WOS:2115024992077005,US6734392B2
US3781823B2,WOS:6120927729156007
WOS:8918167525451051,US3069896B2
WOS:2391263854151291,US5793295B2
US8247961B2,WOS:8927194366956450
US1135229B2,WOS:8927194366956450
WOS:3430047853551251,US6319161B2
WOS:6760297324400296,US6319161B2
US4541294B2,WOS:9517110256438808
US6383767B2,WOS:3078479887914607
US9341809B2,WOS:9111547579911956
US5428582B2,WOS:6711080588688997
US9696535B2,WOS:9111547579911956
US2391824B2,WOS:2721470825448456
WOS:9803050030242066,US8480505B2
US3188860B2,WOS:5696790647482883
US5004907B2,WOS:5696790647482883
US1178588B2,WOS:8120766966995669
US8789614B2,WOS:8120766966995669
US4513691B2,WOS:3337100834994810
WOS:6781544255600532,US9436577B2
WOS:4040692503007282,US2675879B2
US6896410B2,WOS:8215180240799632
US4673990B2,WOS:8352650035843276
US8200179B2,WOS:8352650035843276
US4208946B2,WOS:8352650035843276
WOS:3009544310659068,US5305413B2
US8245188B2,WOS:6365049185850325
US3087413B2,WOS:1838653079144216
US4606229B2,WOS:4343102088416333
US4888130B2,WOS:8053385329958447
WOS:9771021151747420,US1041164B2
WOS:9112607375784582,US4507326B2
US8263134B2,WOS:9289827017641786
US3239092B2,WOS:9289827017641786
WOS:1447848931848338,US7213434B2
WOS:1353727884803272,US4537847B2
WOS:2861979995410484,US4537847B2
WOS:1772854790833835,US9893785B2
US9994109B2,WOS:5830429589469594
US9081947B2,WOS:5830429589469594
US6869917B2,WOS:5830429589469594
US3723791B2,WOS:5830429589469594
US2839891B2,WOS:2048019825569839
US6330227B2,WOS:5980288304763942
WOS:5886071745440896,US7032716B2
WOS:7725289250242164,US7032716B2
WOS:8280584635581421,US5407172B2
US7650454B2,WOS:9025140788059676
WOS:5770638788601291,US6960075B2
WOS:9162565841965362,US6960075B2
WOS:5803885151439430,US9922248B2
US6333745B2,WOS:7958691227978651
WOS:2425597648788849,US3048107B2
WOS:1046220407746336,US4255719B2
WOS:5303289951456390,US3608061B2
WOS:8960557391255227,US4103207B2
WOS:7619544102018535,US1827021B2
WOS:4692672982987286,US1827021B2
US1907355B2,WOS:2409930286600229
US1941452B2,WOS:2409930286600229
WOS:6610014333003011,US8707013B2
WOS:3726076568110477,US5875045B2
WOS:6510064617428605,US8305939B2
WOS:4772767559563362,US1834038B2
US8901690B2,WOS:3991208832414978
WOS:9361148368144838,US7905961B2
WOS:1367748449667946,US7905961B2
US3002059B2,WOS:2069081756856609
WOS:5297616770169932,US6837185B2
US6464157B2,WOS:9488268630636170
WOS:5886543872866312,US4426259B2
US5892204B2,WOS:1066395892482591
WOS:4888737888359916,US9435624B2
US3867373B2,WOS:1391147527339179
WOS:7108014714729112,US7136384B2
US2383467B2,WOS:7942977765521737
US5482229B2,WOS:7989304647627628
WOS:472291270105176,US1015393B2
WOS:6394945225412958,US2664325B2
US2212281B2,WOS:8480414101622928
US9973419B2,WOS:6008215369051354
US8369216B2,WOS:5530691702017316
US7422100B2,WOS:5530691702017316
US1618688B2,WOS:4042459776375538
WOS:8075616532610734,US6866911B2
WOS:216484530367630,US6866911B2
US7328513B2,WOS:258063992864695
US9630370B2,WOS:258063992864695
US2462722B2,WOS:258063992864695
WOS:2360984918372981,US4604102B2
WOS:8705996504883741,US4056338B2
US5041790B2,WOS:6489165095762986
US7293947B2,WOS:5723589091270312
WOS:1410569610855899,US2395295B2
US8951244B2,WOS:4109345267828140
US3005287B2,WOS:5214529891716169
US5740322B2,WOS:5214529891716169
US6313741B2,WOS:5061386824137643
WOS:5530691702017316,US7226047B2
WOS:8385666695485465,US5910938B2
WOS:8009285412743725,US1748587B2
US4022052B2,WOS:3520065767853939
US6180011B2,WOS:3520065767853939
US3930832B2,WOS:3520065767853939
US7310480B2,WOS:6587347089637103
US2111494B2,WOS:8543419288413068
WOS:7988162597559406,US8977493B2
WOS:5270939033100130,US7413553B2
WOS:9874552539352658,US7768536B2
US9796303B2,WOS:5359826534127160
WOS:6293023489904531,US7344686B2
WOS:4845811343765626,US4600514B2
WOS:8031882057965332,US6645849B2
US8210722B2,WOS:5958728026061782
WOS:9358972122555738,US6886511B2
WOS:5892550853085583,US6886511B2
WOS:1365378075239561,US4539366B2
WOS:9088659084798012,US6665340B2
WOS:4632282115177015,US4319496B2
US1695070B2,WOS:4223933098941500
WOS:5208303678339376,US4836790B2
US2694512B2,WOS:9216335275996596
US4108358B2,WOS:7591729640387362
US8583811B2,WOS:7995943348908534
WOS:9945218298218102,US2068583B2
WOS:6086939393332374,US3987006B2
US9189853B2,WOS:6713697430892584
US4632738B2,WOS:6593882462544786
US4360167B2,WOS:6593882462544786
WOS:8593336123335138,US9452943B2
US2722352B2,WOS:7014846079063955
WOS:9328567105606666,US9901199B2
WOS:1169660160826826,US1683677B2
WOS:5400237823561259,US1683677B2
US4247064B2,WOS:6814113386226504
WOS:7490644546465373,US4526851B2
US2687504B2,WOS:9522520036527786
US5725553B2,WOS:4883001236868481
WOS:4038710897120416,US1486647B2
WOS:4493800371623872,US2542132B2
WOS:7493004365709568,US9026526B2
WOS:7865635547951593,US9026526B2
WOS:6679692741941957,US1191887B2
WOS:6013789066966989,US1191887B2
US2322771B2,WOS:4191926624414083
WOS:9442264736352162,US9105056B2
WOS:1876302310447288,US4336869B2
WOS:2510957005781160,US4336869B2
WOS:7593054863906695,US5689745B2
WOS:4230862366363258,US1742057B2
WOS:8987609731863262,US3465829B2
WOS:859935094066438,US3465829B2
WOS:8489315275743570,US3465829B2
WOS:2132129367119419,US2778028B2
WOS:7657393627032760,US2778028B2
WOS:6697262695310592,US6541628B2
US7850637B2,WOS:9955746073887958
US1412827B2,WOS:2767719598146208
WOS:3379622839100202,US6759335B2
WOS:2668474625282582,US9447703B2
US6546564B2,WOS:9290109272896294
US8724782B2,WOS:926603707731924
US7323649B2,WOS:926603707731924
WOS:3220245334082468,US9487461B2
US3908420B2,WOS:4533671314542642
WOS:2641078019332542,US6338685B2
WOS:3446142852019404,US2410104B2
US4357825B2,WOS:8864207742298836
WOS:2663221902367463,US3608805B2
WOS:3994805473852774,US7516273B2
US5334876B2,WOS:7404279776095660
US6770943B2,WOS:2711715818049657
US7199735B2,WOS:8903767666752713
WOS:7298868045778440,US4246042B2
US6274150B2,WOS:5560956666359668
US4178245B2,WOS:981084792793484
WOS:5270939033100130,US2277965B2
WOS:1059136963382996,US2277965B2
WOS:665539762792069,US6013769B2
WOS:433118830938728,US6013769B2
US8887217B2,WOS:6931583511915030
US3167247B2,WOS:6931583511915030
US7491292B2,WOS:3532292042316790
WOS:8057539159958788,US5107566B2
WOS:8670558624921109,US5107566B2
US8977493B2,WOS:18577311192832
WOS:1893386545932782,US2248800B2
WOS:7614556961964934,US1994214B2
WOS:2839970589533013,US5577327B2
WOS:7230707927268385,US8062474B2
US5852074B2,WOS:6263751622259405
WOS:1092329994869329,US6357191B2
US4036647B2,WOS:7184915790388434
US6481775B2,WOS:1972010907919012
US9305436B2,WOS:8137828626764029
WOS:1404314206839322,US1748587B2
WOS:2742473894526564,US1748587B2
US8249825B2,WOS:6637116698139031
WOS:8233372542230151,US4357152B2
US8436700B2,WOS:6448018289212101
WOS:3844065878899765,US2377357B2
WOS:8075616532610734,US2674036B2
WOS:6155227991184356,US2674036B2
WOS:4668118497236210,US1344250B2
WOS:1453363213444551,US6125305B2
WOS:6784780510970016,US9017080B2
WOS:7955646681819295,US4258973B2
US6726746B2,WOS:141982547590444
US9754351B2,WOS:141982547590444
WOS:3997972219852228,US3689802B2
WOS:6863745987239415,US3689802B2
US5550793B2,WOS:1876936900553066
US1673152B2,WOS:7036828067691930
WOS:1704390034099994,US9212478B2
WOS:372696653984451,US9212478B2
WOS:8392243545161598,US3056224B2
US3833911B2,WOS:7337991692168220
WOS:9544863592301170,US8151271B2
US2560434B2,WOS:6676304774673784
US9543363B2,WOS:9374991290365728
WOS:4839952965346386,US4195904B2
US1843285B2,WOS:2878120794434177
WOS:8938505669818913,US5525307B2
US9477809B2,WOS:3087988867557005
WOS:6243599951705426,US4689771B2
US4303528B2,WOS:5249237987557857
US2071371B2,WOS:100884833238499
WOS:5575418576782991,US8469945B2
WOS:6428694034955395,US8469945B2
WOS:7051982258394258,US5947491B2
US1669225B2,WOS:3154625081771554
WOS:266960113191655,US6260585B2
US2843889B2,WOS:143030280285566
WOS:1995507303504162,US7874853B2
WOS:6593882462544786,US7874853B2
WOS:2502161515409082,US7379955B2
US6542564B2,WOS:2178488426989426
US7813807B2,WOS:8860893962692039
WOS:4604647048335738,US9575243B2
US9518280B2,WOS:2415834406674800
WOS:1037710873157356,US2608641B2
US6319161B2,WOS:4172964754186663
WOS:9137030588346932,US2608641B2
US9470555B2,WOS:6017161132583778
WOS:6293921105898105,US4945426B2
WOS:8865059960413924,US3709877B2
WOS:6527133587073364,US8780407B2
WOS:3452251755446404,US6961552B2
WOS:5560956666359668,US1571194B2
US6243380B2,WOS:8893404455016550
WOS:2098922831638234,US5610824B2
WOS:2059817881731303,US6585866B2
WOS:2064907993047108,US6585866B2
WOS:834179136470986,US6585866B2
US3791777B2,WOS:7713097820695618
WOS:1321439681548079,US4861639B2
US2568604B2,WOS:4922826616954750
US9073697B2,WOS:4922826616954750
WOS:6471101633201329,US6357695B2
WOS:8265010627783397,US4229947B2
US9998059B2,WOS:3771032400922100
US1490244B2,WOS:3771032400922100
WOS:2108715344873126,US9550922B2
WOS:5975190545751657,US1748368B2
WOS:5256821260219548,US9125208B2
US9116971B2,WOS:4421742329652807
WOS:9673643859297032,US6851828B2
WOS:3752927105065050,US5959700B2
US2541391B2,WOS:7766505205781358
US6330227B2,WOS:7766505205781358
US4638583B2,WOS:9800498619735510
US1880454B2,WOS:4746205793097533
US2388449B2,WOS:7245073476875165
US7792934B2,WOS:7245073476875165
US2707105B2,WOS:2620300375199657
WOS:9520412591123250,US1259375B2
US4441251B2,WOS:3567488872537824
US5170712B2,WOS:3664553583775615
US8524364B2,WOS:2914110763229955
US6721114B2,WOS:2914110763229955
US8838117B2,WOS:7016830550763583
US7903523B2,WOS:5303289951456390
WOS:7133221631260665,US3343624B2
US1002281B2,WOS:7756005214824611
US3921134B2,WOS:7756005214824611
WOS:7298615424303669,US1599023B2
WOS:5660569779312038,US1136785B2
WOS:8192073344965223,US9335907B2
WOS:4172308809542017,US9486646B2
US1432383B2,WOS:8600458587390240
WOS:8130023640403939,US4766659B2
WOS:4870056774730443,US9361539B2
WOS:5547279942890631,US9361539B2
WOS:9268650920706694,US1991205B2
US2105991B2,WOS:8282952165751236
US3131131B2,WOS:8282952165751236
WOS:1416759036879841,US6338096B2
WOS:641514479789232,US6338096B2
US1228792B2,WOS:8279724757348728
US5647744B2,WOS:7289704304479092
US1516188B2,WOS:8500961973347767
US3672481B2,WOS:3714462788076212
US4791262B2,WOS:3714462788076212
US8537644B2,WOS:3714462788076212
US3155658B2,WOS:3470748689904716
WOS:7498242251071216,US6449584B2
WOS:7059411332043831,US6449584B2
WOS:5673271838398213,US1564874B2
US3154079B2,WOS:4916884456759904
US2275165B2,WOS:1599715352549166
US6701898B2,WOS:7845588777418244
US1228792B2,WOS:8755985834271048
US7283750B2,WOS:4563259811904951
US4135682B2,WOS:974837452378051
WOS:4245060228965832,US1780231B2
US6710997B2,WOS:1473342792180853
US4895914B2,WOS:1473342792180853
US1298294B2,WOS:1473342792180853
WOS:756289420674031,US6357191B2
US6396799B2,WOS:1153155433764034
US5543580B2,WOS:877291043739470
WOS:9106653478726206,US7425967B2
US9172678B2,WOS:2713259881390139
US1128348B2,WOS:7617094471148840
WOS:9447474695392960,US5740076B2
WOS:7927148551706004,US9345199B2
US4769045B2,WOS:9307160308152274
WOS:3329290367913060,US8790718B2
US8035498B2,WOS:4240360740520962
US8624178B2,WOS:1555802378682682
US1184069B2,WOS:4793053719873743
WOS:40215725165103,US5232405B2
WOS:4934601527080356,US5232405B2
US9138529B2,WOS:1666808775428229
WOS:6278759834380869,US9516435B2
WOS:7142542896642073,US8681128B2
WOS:3010762575160676,US8109253B2
WOS:5658007064282385,US8109253B2
US1075136B2,WOS:3199683157137845
US2871877B2,WOS:3199683157137845
US6746591B2,WOS:7770245258064961
WOS:6033593887558780,US9551147B2
US2105991B2,WOS:2548802893563630
WOS:9025140788059676,US7696608B2
WOS:6676302876020040,US4537357B2
US4555054B2,WOS:9210318339189406
WOS:1993310462593849,US3773366B2
WOS:5928037760044327,US9055678B2
WOS:847897260575202,US1382728B2
US5253799B2,WOS:176288348435186
US9420563B2,WOS:3889527191704726
WOS:2336195997090729,US6996277B2
WOS:6803878402298131,US6996277B2
WOS:8333196387175568,US6562630B2
WOS:1802519784306287,US6786258B2
US2127605B2,WOS:5837236870712423
WOS:1536717313002256,US6490792B2
WOS:2931365076835152,US1745161B2
US6180011B2,WOS:2381463929230176
WOS:1574741835862330,US7746682B2
US4143907B2,WOS:5117154273777009
WOS:4040823834802850,US5333295B2
US8523181B2,WOS:9517110256438808
US7266898B2,WOS:1006364001913963
US5692059B2,WOS:7371721526725656
US6269790B2,WOS:7371721526725656
WOS:6961249257884321,US1392166B2
WOS:268423972860370,US1064504B2
WOS:5429485305425982,US5018313B2
US2327406B2,WOS:5130827393140232
WOS:5654565000021408,US3489334B2
US1959936B2,WOS:7748886842704215
US4565449B2,WOS:7748886842704215
WOS:3851170796378965,US4132779B2
US6696764B2,WOS:6976750826742232
WOS:9687140831902932,US4522090B2
US3658477B2,WOS:3962469494937528
US4604171B2,WOS:3962469494937528
WOS:4073212093333898,US5176693B2
WOS:6903052959156265,US7599175B2
WOS:3392476617575488,US7599175B2
WOS:4565626236728832,US3114730B2
WOS:2366929380848907,US3114730B2
US9460856B2,WOS:9183009195766280
WOS:5324356427409526,US2622763B2
US6219022B2,WOS:3567488872537824
WOS:7443836398243064,US9891508B2
WOS:3610320741562405,US3220562B2
WOS:9958148544986140,US2570268B2
WOS:8781604662151351,US2246779B2
WOS:943848111131142,US2246779B2
WOS:3600194081698151,US2029350B2
US8675665B2,WOS:2295008027914257
US3388881B2,WOS:9004833004171585
US6529096B2,WOS:6417483651126815
US9960674B2,WOS:6417483651126815
WOS:7462101740777558,US1570704B2
US3072818B2,WOS:7880646582327398
US4787032B2,WOS:7880646582327398
US6597374B2,WOS:7880646582327398
US5544852B2,WOS:500521739040676
US4453783B2,WOS:9371203929229920
US5299347B2,WOS:7332113726830553
WOS:5167457226938575,US7529234B2
WOS:54558153761854,US7529234B2
WOS:6527743054369121,US1750764B2
US3771661B2,WOS:2264208414103869
US6460700B2,WOS:2264208414103869
US3831590B2,WOS:7107685268820882
WOS:711746290549047,US5729943B2
WOS:7927830486972340,US5729943B2
US7432152B2,WOS:617002727878470
US5407172B2,WOS:9945250131974796
US2659824B2,WOS:8778795862200966
US2697781B2,WOS:5338439038996759
US6530976B2,WOS:8778795862200966
US6490263B2,WOS:8778795862200966
WOS:2356507364511313,US4771770B2
WOS:8108971822355074,US5876325B2
WOS:3997972219852228,US2987102B2
US4869662B2,WOS:2844026572098240
WOS:9644003501511516,US6440026B2
US6611725B2,WOS:2624329934443899
WOS:7334550565045487,US2129299B2
US1778723B2,WOS:2218280305288693
US5546076B2,WOS:9001800487499157
US2264936B2,WOS:4257734363862576
WOS:1416759036879841,US2393367B2
US3007177B2,WOS:1876753623363600
WOS:2499313868779894,US1365942B2
US8436700B2,WOS:5100463779315491
US1997665B2,WOS:2778025682368227
WOS:3057173559670226,US1964056B2
US8597409B2,WOS:7927017750192375
WOS:6429590792470516,US8061543B2
US4488977B2,WOS:3492773910715989
US1580949B2,WOS:235002688730844
US9054252B2,WOS:1081991847267721
US9464390B2,WOS:1081991847267721
WOS:2663221902367463,US4115285B2
US5420227B2,WOS:6181203667689054
US3307647B2,WOS:834460000841148
US1167454B2,WOS:834460000841148
WOS:1184821998611232,US9017080B2
US7420429B2,WOS:3627189179361345
WOS:6417483651126815,US5039978B2
WOS:4391146259496749,US5039978B2
WOS:6022970354890298,US4942758B2
WOS:2956972021349707,US4942758B2
WOS:6388386028695864,US7213434B2
WOS:6184149947584647,US7743666B2
US3120666B2,WOS:8125828952960729
WOS:5220561191148173,US9477358B2
WOS:3509996526236180,US9477358B2
WOS:3277844302040171,US9477358B2
US2743393B2,WOS:741333781942203
US4180719B2,WOS:7440444934913944
US4800423B2,WOS:2261277224603446
WOS:1966821908629689,US7889281B2
WOS:3284006943437899,US2717904B2
WOS:116109975058610,US2717904B2
WOS:3656556727371449,US2717904B2
WOS:3178171863550050,US2717904B2
WOS:4746205793097533,US2717904B2
WOS:9716949957002656,US9118283B2
WOS:8457677868745769,US9118283B2
WOS:819009299393274,US3485462B2
WOS:128294086980840,US2130703B2
WOS:6891219862091452,US2130703B2
WOS:1253562612243832,US1874742B2
US4675425B2,WOS:2069271999113604
US1504599B2,WOS:6856886224327677
US4552388B2,WOS:6856886224327677
US4768813B2,WOS:6245642810709650
US7535011B2,WOS:6245642810709650
US1748587B2,WOS:9268104059921800
WOS:8947574763965190,US2907237B2
US3048107B2,WOS:548910930628870
WOS:2261277224603446,US6736109B2
WOS:7298615424303669,US5995993B2
US4336869B2,WOS:3428147587161516
US7643713B2,WOS:3428147587161516
US9174738B2,WOS:4266351649455499
WOS:6131012571041363,US2930532B2
WOS:2481351341018995,US7749076B2
WOS:5111704682683750,US7945775B2
US2901316B2,WOS:195876407830981
WOS:7091822253767485,US8195471B2
WOS:8048488430959994,US5215560B2
WOS:5819734901678697,US5215560B2
US5201951B2,WOS:9873270539867426
US1696657B2,WOS:9873270539867426
WOS:8986541076888648,US9914483B2
US3977999B2,WOS:7337991692168220
US9387240B2,WOS:7337991692168220
US8636042B2,WOS:5396635816255218
US6399777B2,WOS:4563614520721536
US3584289B2,WOS:6885428905337918
WOS:7850592884470557,US2809336B2
WOS:9544863592301170,US2809336B2
US8052149B2,WOS:4746471743731168
WOS:558361292264477,US3137549B2
WOS:4627898469896147,US3137549B2
WOS:8663256319844109,US3137549B2
US5004907B2,WOS:4504303158145580
US8721437B2,WOS:4504303158145580
WOS:5049885549181112,US3110269B2
US8936616B2,WOS:5883056306095898
US7785025B2,WOS:6039960032642578
US5670683B2,WOS:2107489877347833
US3728061B2,WOS:2107489877347833
WOS:3987030215115584,US7869108B2
US3581605B2,WOS:8774319526504244
US8226232B2,WOS:8774319526504244
US6544767B2,WOS:5898852624795722
US9154165B2,WOS:1550663020284641
WOS:793968641771789,US9984684B2
WOS:2085310677830598,US2902205B2
WOS:8260900584413598,US1065797B2
WOS:2956972021349707,US2925314B2
WOS:3656556727371449,US1402143B2
WOS:3731431469926378,US1402143B2
WOS:1350264229879033,US3608805B2
US6931379B2,WOS:3837814212134300
US3662822B2,WOS:4318244753731269
WOS:8328317323974219,US3252459B2
WOS:6696606255370312,US3710945B2
WOS:697703464941896,US3710945B2
WOS:3133431663909843,US1599816B2
WOS:8680198143275305,US3160049B2
WOS:7880119434272711,US3160049B2
WOS:9490010189534612,US9281396B2
WOS:9587255474700190,US9281396B2
WOS:7637433736189480,US3328259B2
WOS:7098188673303835,US3328259B2
WOS:8463577502060422,US5662669B2
WOS:265661062728239,US6440342B2
WOS:6784780510970016,US3053604B2
WOS:5982647435216906,US3053604B2
WOS:4323421383720796,US3053604B2
WOS:4179995194762362,US9014400B2
WOS:503715903000842,US1874742B2
WOS:6681393078190408,US6751572B2
